,time,value
0,0.0,0.9200012451507413
1,0.001,0.861292085856661
2,0.002,0.6017359895391771
3,0.003,0.6412107974791394
4,0.004,0.794014291160871
5,0.005,0.03047869434375844
6,0.006,0.3896381502624117
7,0.007,-0.31632593377606966
8,0.008,-0.5056361995983258
9,0.009000000000000001,-0.1730962356958849
10,0.01,-0.30672519939174253
11,0.011,-0.48932972936198954
12,0.012,-1.2972735270693079
13,0.013000000000000001,-1.1959672755139121
14,0.014,-0.9583429174978106
15,0.015,-1.3368021382391169
16,0.016,-1.8099387467886396
17,0.017,-1.4830328575223088
18,0.018000000000000002,-1.9614071344669446
19,0.019,-1.3284111294039964
20,0.02,-1.516134689035313
21,0.021,-1.90386092679912
22,0.022,-1.7746677995922258
23,0.023,-2.253504364557533
24,0.024,-2.125114851535252
25,0.025,-1.9848319693942071
26,0.026000000000000002,-2.419289190377574
27,0.027,-2.6254921310456565
28,0.028,-3.107370923171114
29,0.029,-2.6588961478576723
30,0.03,-2.415724376114398
31,0.031,-2.3986082496605854
32,0.032,-2.541243933670286
33,0.033,-2.8558914999827563
34,0.034,-3.2782029980819685
35,0.035,-2.816123826758715
36,0.036000000000000004,-2.7320832080293465
37,0.037,-2.6987940371193764
38,0.038,-2.374524095946495
39,0.039,-1.9107556688918717
40,0.04,-2.4071376556139854
41,0.041,-2.4385281053617
42,0.042,-2.3723907640370796
43,0.043000000000000003,-2.1704813932837452
44,0.044,-2.361791369064479
45,0.045,-1.9753832320903337
46,0.046,-1.7672925729109916
47,0.047,-1.7240189820121383
48,0.048,-1.52770615568386
49,0.049,-1.4069221597794357
50,0.05,-1.9351220385706709
51,0.051000000000000004,-1.073838010860647
52,0.052000000000000005,-1.3228135953089044
53,0.053,-1.3025723346278788
54,0.054,-1.1536174804633
55,0.055,-0.5372890089617814
56,0.056,-0.5762683289999855
57,0.057,-0.8537789842854825
58,0.058,-0.043496203978309306
59,0.059000000000000004,-0.45501812456150414
60,0.06,0.1835892901992588
61,0.061,0.3784929072834448
62,0.062,0.7379545362004825
63,0.063,1.1716814437501966
64,0.064,0.39174674798167197
65,0.065,0.9479883524867887
66,0.066,1.0415532323938108
67,0.067,1.4129882009172883
68,0.068,1.5032131895229706
69,0.069,1.4852026564135483
70,0.07,1.607532101227111
71,0.07100000000000001,1.549677458537083
72,0.07200000000000001,2.321361507599205
73,0.073,2.29835794200819
74,0.074,2.566364584107106
75,0.075,2.322855480921868
76,0.076,2.338045143305925
77,0.077,2.3246029512022357
78,0.078,2.8623749298622787
79,0.079,2.5427067303222115
80,0.08,3.502296680616567
81,0.081,2.641354649980416
82,0.082,3.1944042781177746
83,0.083,3.653567610426435
84,0.084,3.426851017668569
85,0.085,3.35573393959936
86,0.08600000000000001,3.060601544051432
87,0.08700000000000001,2.9768754533555004
88,0.088,3.654788751209915
89,0.089,3.9000819660738726
90,0.09,3.33315739549166
91,0.091,3.131818137494947
92,0.092,2.7370234581133532
93,0.093,3.1734843895179243
94,0.094,3.4192705652943047
95,0.095,3.911308424937068
96,0.096,3.6044241673338395
97,0.097,3.4578119720297567
98,0.098,3.203144791884939
99,0.099,3.0984403687531383
100,0.1,3.6388515801557713
101,0.101,3.2149654995007224
102,0.10200000000000001,2.4556492137579045
103,0.10300000000000001,2.810448071071037
104,0.10400000000000001,2.6758326585044494
105,0.105,2.685239167085426
106,0.106,2.9291856663502256
107,0.107,2.634998229779202
108,0.108,2.5471792341601884
109,0.109,2.8637483028951065
110,0.11,2.157076545202221
111,0.111,2.8188119035994985
112,0.112,1.9493188440423679
113,0.113,2.066649058244689
114,0.114,1.843126794585194
115,0.115,1.8509336090487527
116,0.116,1.832929284089183
117,0.117,1.714970816530672
118,0.11800000000000001,1.2441767528429144
119,0.11900000000000001,1.0189469747227575
120,0.12,1.9932894933299594
121,0.121,0.984849408238784
122,0.122,1.2290807414947282
123,0.123,0.4282289678615131
124,0.124,0.7201304168611272
125,0.125,0.6619811126821935
126,0.126,0.7410790176943217
127,0.127,-0.3151215407741934
128,0.128,0.45742921563059563
129,0.129,-0.027480661962397235
130,0.13,0.328756857782653
131,0.131,-0.16102028787257378
132,0.132,-0.18368735521104018
133,0.133,-0.08117680663425786
134,0.134,-0.3817558448302766
135,0.135,-0.2704253404474636
136,0.136,-0.5420622306030227
137,0.137,-0.7847189436821933
138,0.138,0.025589175993680047
139,0.139,-0.7078534548646177
140,0.14,-0.40601487597695335
141,0.14100000000000001,-0.15398722033173368
142,0.14200000000000002,-0.5858164733292488
143,0.14300000000000002,-0.6643802988407936
144,0.14400000000000002,-0.35847992769247533
145,0.145,-0.0945414637862661
146,0.146,-0.7783824561895616
147,0.147,-0.4644614432945792
148,0.148,-0.9252445508362026
149,0.149,-0.503891834181049
150,0.15,-0.35058717634770653
151,0.151,-0.5867785150604576
152,0.152,-0.4318182613909006
153,0.153,-0.6764839808268537
154,0.154,-0.18534814633694996
155,0.155,0.15840985894633336
156,0.156,-0.4328641518203072
157,0.157,-0.23177967903817853
158,0.158,0.16844252598113738
159,0.159,0.4476133924453927
160,0.16,-0.2942865122978649
161,0.161,0.17581229566957138
162,0.162,0.3869649535672506
163,0.163,0.349487632843182
164,0.164,-0.2826596283481758
165,0.165,0.6928615134689716
166,0.166,1.0820593724857948
167,0.167,0.7462297834993682
168,0.168,0.48780065975833575
169,0.169,0.7297028906769941
170,0.17,1.501410394561857
171,0.171,1.3301885650490086
172,0.17200000000000001,1.3356229126093437
173,0.17300000000000001,1.3362933917883062
174,0.17400000000000002,1.1158154932908233
175,0.17500000000000002,1.3375034132604584
176,0.176,1.45625312249974
177,0.177,1.7246084585528072
178,0.178,2.090392186013503
179,0.179,2.048805550560301
180,0.18,1.360427647682731
181,0.181,1.923487320745453
182,0.182,2.144239084521502
183,0.183,2.172446472631764
184,0.184,1.8580492707648995
185,0.185,2.9773462909349084
186,0.186,1.772371019082044
187,0.187,1.8788528894186955
188,0.188,2.3179888767622314
189,0.189,2.9227145064673494
190,0.19,2.072132146138015
191,0.191,2.274021682820681
192,0.192,2.7031268397934114
193,0.193,2.3960816973573267
194,0.194,2.3178557915503544
195,0.195,2.5999982245585564
196,0.196,2.5194076001741728
197,0.197,2.749415516408089
198,0.198,2.8256770276589753
199,0.199,2.5236609065367643
200,0.2,2.507842017408769
201,0.201,2.468840478241005
202,0.202,2.5312546508229112
203,0.203,2.3767147370915764
204,0.20400000000000001,2.331500661866669
205,0.20500000000000002,2.6582092703593205
206,0.20600000000000002,2.7177730684821007
207,0.20700000000000002,1.77074300776748
208,0.20800000000000002,2.182626805560932
209,0.209,1.9263639894428524
210,0.21,1.9899837419134232
211,0.211,2.151505110428769
212,0.212,2.1764598561869506
213,0.213,1.8845111060144486
214,0.214,1.2845576149765594
215,0.215,1.5076009612351249
216,0.216,2.0030238763387116
217,0.217,0.8475749191610943
218,0.218,1.9604984446386584
219,0.219,1.6944173233182447
220,0.22,1.8661636713170093
221,0.221,1.344761943038637
222,0.222,0.7189670004726296
223,0.223,1.3998610710192736
224,0.224,1.5870911385309334
225,0.225,1.4169024049804002
226,0.226,0.8765812343736756
227,0.227,1.038691382876715
228,0.228,0.7917116020526085
229,0.229,0.6465536464969105
230,0.23,1.121831866165521
231,0.231,0.4211782840631267
232,0.232,0.4600777045183632
233,0.233,0.34757243347998673
234,0.234,0.18523617708789203
235,0.23500000000000001,0.6329262768238219
236,0.23600000000000002,0.8974819185046096
237,0.23700000000000002,0.4570978580196627
238,0.23800000000000002,0.028017340212730613
239,0.23900000000000002,0.7026929424123762
240,0.24,0.9312969955514859
241,0.241,0.2106068337118228
242,0.242,0.24391462980570064
243,0.243,0.5293656162306584
244,0.244,0.85266247836091
245,0.245,0.2058749971372097
246,0.246,-0.03786312882180376
247,0.247,0.5556794600408432
248,0.248,0.6146898265551892
249,0.249,0.38983994155785784
250,0.25,0.23787362061991513
251,0.251,0.7251731822410461
252,0.252,0.6109847796337946
253,0.253,0.2518467483327126
254,0.254,0.5309041340915868
255,0.255,0.14834823528338975
256,0.256,0.8010766091901167
257,0.257,0.5617169374489924
258,0.258,0.5582313819712503
259,0.259,0.7309592716328794
260,0.26,0.8079379157591661
261,0.261,1.1223122847315887
262,0.262,1.0919181503670137
263,0.263,0.9309928461648277
264,0.264,1.2726956981636655
265,0.265,1.231631121456701
266,0.266,1.0531527314823412
267,0.267,1.21511442676643
268,0.268,1.2808959590020932
269,0.269,1.5509664165604737
270,0.27,1.3642514936460737
271,0.271,1.4329009065914098
272,0.272,2.2167595139348073
273,0.273,1.9843520734072286
274,0.274,1.5504878926806223
275,0.275,2.0258725526158052
276,0.276,1.9654526175487308
277,0.277,2.121957784193811
278,0.278,2.11918296677226
279,0.279,2.5070649831365213
280,0.28,2.3245187789369823
281,0.281,2.271106825427939
282,0.28200000000000003,2.669309864544656
283,0.28300000000000003,2.4913617627013545
284,0.28400000000000003,2.520141805667274
285,0.28500000000000003,2.637628552235454
286,0.28600000000000003,2.572276977564442
287,0.28700000000000003,2.657103190361104
288,0.28800000000000003,2.5291736317615916
289,0.289,2.5273957151774447
290,0.29,2.4973129781542167
291,0.291,2.4198714336175913
292,0.292,2.610460216415476
293,0.293,2.8552267191225797
294,0.294,2.9677050890247276
295,0.295,2.8806983095659833
296,0.296,2.2766849989684603
297,0.297,3.473022927066624
298,0.298,3.339749320782371
299,0.299,3.156578109209698
300,0.3,3.600022375245722
301,0.301,2.7353788256925435
302,0.302,3.5915981386063236
303,0.303,2.728414272142641
304,0.304,3.0782625178915404
305,0.305,2.60921018898251
306,0.306,2.976623454528416
307,0.307,3.0651413923202457
308,0.308,2.8762841196588966
309,0.309,3.106690926200307
310,0.31,2.888629815496981
311,0.311,2.665295736172505
312,0.312,2.611913691834474
313,0.313,2.982167989010299
314,0.314,2.496871016952003
315,0.315,2.919051372170157
316,0.316,2.9601992924551035
317,0.317,2.0394337566640157
318,0.318,2.824489755621114
319,0.319,3.045404871402831
320,0.32,2.4438531405041837
321,0.321,2.4874684919632015
322,0.322,2.5570662068047705
323,0.323,2.1004868457576134
324,0.324,2.1741452396290217
325,0.325,1.6609117261481845
326,0.326,2.032071502277602
327,0.327,2.0750405578838604
328,0.328,2.015614508936749
329,0.329,2.115798246595565
330,0.33,1.499592922430365
331,0.331,1.5087790328821207
332,0.332,2.1746082654640664
333,0.333,1.4993177096675647
334,0.334,1.5441435014142315
335,0.335,1.405189839872436
336,0.336,1.1215687120789057
337,0.337,1.7997030565939753
338,0.338,1.1008588092809828
339,0.339,0.8696157589968283
340,0.34,1.023463174252785
341,0.341,0.5114437063663638
342,0.342,0.8723506100989558
343,0.343,0.73570496792811
344,0.34400000000000003,1.1725077119387968
345,0.34500000000000003,0.7492118159953811
346,0.34600000000000003,1.1844368983227147
347,0.34700000000000003,1.307473065831821
348,0.34800000000000003,1.095143440815373
349,0.34900000000000003,0.7721148039094058
350,0.35000000000000003,0.8581185374619182
351,0.35100000000000003,0.34047733391889035
352,0.352,0.7431750049808761
353,0.353,0.5136607477029358
354,0.354,0.9717098322722146
355,0.355,1.5299708813634312
356,0.356,0.9059049705393749
357,0.357,0.15946552731426755
358,0.358,0.652268652666695
359,0.359,0.8041313447363675
360,0.36,0.803179322331538
361,0.361,0.5700740036027471
362,0.362,0.877916418830606
363,0.363,0.44915361630553374
364,0.364,0.5584612723207625
365,0.365,1.058041945996345
366,0.366,0.5841880991528385
367,0.367,1.0770213179757955
368,0.368,0.5333409202759334
369,0.369,1.5040615859672948
370,0.37,0.7744339045546442
371,0.371,0.973235280637823
372,0.372,1.1745078570769691
373,0.373,0.9419223028894768
374,0.374,1.1918120389789364
375,0.375,1.3595634514441985
376,0.376,1.514053035656206
377,0.377,1.5028208139865993
378,0.378,1.2537651390052011
379,0.379,1.301535400794272
380,0.38,2.0906020098709117
381,0.381,1.7111591414291487
382,0.382,1.1898006956372016
383,0.383,1.5361898100703153
384,0.384,1.4450484160339965
385,0.385,1.5438086956993349
386,0.386,1.253670270845841
387,0.387,1.5362224959028283
388,0.388,2.2396025526646675
389,0.389,1.90514244979987
390,0.39,1.0182010807467194
391,0.391,2.1634490033760407
392,0.392,2.156869866437992
393,0.393,1.752333223824232
394,0.394,2.1039548739283376
395,0.395,1.6580711529485197
396,0.396,1.8003349708589418
397,0.397,2.4148583312588117
398,0.398,1.9059852437892089
399,0.399,1.4470956718503118
400,0.4,2.0078190413384847
401,0.401,2.0203039025835055
402,0.402,2.4187373570586455
403,0.403,2.077159017177282
404,0.404,1.9583170717350096
405,0.405,2.4085703365305635
406,0.406,2.13991404556568
407,0.40700000000000003,1.8856968638622853
408,0.40800000000000003,2.4626817462204564
409,0.40900000000000003,2.1782679632188984
410,0.41000000000000003,2.1236051140371757
411,0.41100000000000003,2.1772978231895364
412,0.41200000000000003,1.8026379764887221
413,0.41300000000000003,1.9642513560246506
414,0.41400000000000003,2.121212752249214
415,0.41500000000000004,2.05830104994606
416,0.41600000000000004,2.4940568410073714
417,0.417,2.1723420423095505
418,0.418,2.3576480283654395
419,0.419,2.097419894735662
420,0.42,2.404385309062662
421,0.421,2.1992341112424096
422,0.422,2.076165774527826
423,0.423,2.060112857474158
424,0.424,1.7696257893306384
425,0.425,2.199899329864066
426,0.426,2.027742801568179
427,0.427,1.8814013157828666
428,0.428,2.356447330505317
429,0.429,1.6423661539333125
430,0.43,1.8841100818259209
431,0.431,2.313197465172145
432,0.432,2.094241634962199
433,0.433,1.9806897272478878
434,0.434,2.0666452549723977
435,0.435,2.0423679330692313
436,0.436,1.5317094874285533
437,0.437,1.8811151784280638
438,0.438,2.4711056571149452
439,0.439,1.789719142652191
440,0.44,1.8945396259770957
441,0.441,1.8312305216225169
442,0.442,1.9724914824874848
443,0.443,1.829742303236997
444,0.444,2.157991858330372
445,0.445,2.0796561465387966
446,0.446,2.2622088283166164
447,0.447,1.7257135186495371
448,0.448,1.9508851556544056
449,0.449,1.9983653503772687
450,0.45,2.2169299848074506
451,0.451,1.85743017337386
452,0.452,2.386200652914139
453,0.453,2.4844178668775303
454,0.454,1.849627306796653
455,0.455,2.017549961262524
456,0.456,2.024395795165668
457,0.457,2.9934028453962167
458,0.458,2.094879241881542
459,0.459,2.747646924934104
460,0.46,1.8851200116999052
461,0.461,1.9890933763036607
462,0.462,2.1008999061551097
463,0.463,2.0739623052913836
464,0.464,2.2678616538818313
465,0.465,2.1558114093596323
466,0.466,2.142383019773681
467,0.467,2.754869472197201
468,0.468,2.7928844886601
469,0.46900000000000003,2.728104712978408
470,0.47000000000000003,2.617111190040619
471,0.47100000000000003,2.503233543122899
472,0.47200000000000003,2.3405829632684956
473,0.47300000000000003,2.2166905694554737
474,0.47400000000000003,2.6230311683613876
475,0.47500000000000003,2.1719756186157007
476,0.47600000000000003,2.2341513650261775
477,0.47700000000000004,2.8846930121205623
478,0.47800000000000004,3.113636872922766
479,0.47900000000000004,2.664094708771471
480,0.48,2.8786637315297914
481,0.481,2.4714712919383084
482,0.482,2.1402311620692243
483,0.483,2.7192382920024256
484,0.484,2.698118136985915
485,0.485,2.5382213768986825
486,0.486,2.4310050912998022
487,0.487,2.776956774838189
488,0.488,2.1747092663364835
489,0.489,2.2179804761317286
490,0.49,2.1249178823212054
491,0.491,2.427636179330595
492,0.492,2.0481495144417083
493,0.493,2.1392258532770807
494,0.494,2.100400082548056
495,0.495,2.199268715336841
496,0.496,1.7943184339221112
497,0.497,2.2275954694303888
498,0.498,2.5344300273011635
499,0.499,2.1576805184464924
500,0.5,2.534309421007611
501,0.501,2.4251837382593537
502,0.502,2.209681224720716
503,0.503,1.9485703130511223
504,0.504,1.881275979435212
505,0.505,2.0507220038400216
506,0.506,1.649976437549829
507,0.507,1.1476072203631849
508,0.508,1.8039977052513299
509,0.509,1.2604185745328325
510,0.51,1.253916432055831
511,0.511,1.485094255359488
512,0.512,1.3987819233176044
513,0.513,0.9459916004790034
514,0.514,1.3617402520616577
515,0.515,1.5447796525811754
516,0.516,0.8598307751516545
517,0.517,1.5242088223459462
518,0.518,0.6194626430701954
519,0.519,1.6688642612762625
520,0.52,0.857727129932078
521,0.521,0.9736935744943209
522,0.522,0.3129435914558728
523,0.523,0.814273467020709
524,0.524,0.8558042764135988
525,0.525,0.7179054837327751
526,0.526,0.5336324194700786
527,0.527,0.3798510537575992
528,0.528,0.9668493336534874
529,0.529,0.6035506880791934
530,0.53,1.0260289196642112
531,0.531,0.3783535028370746
532,0.532,0.38146922313992715
533,0.533,0.7354145491434314
534,0.534,-0.014013246827610126
535,0.535,0.09438251631471645
536,0.536,0.7766831431310532
537,0.537,0.08841117946346339
538,0.538,-0.10958000907144616
539,0.539,0.9964689391872825
540,0.54,0.021202302718998978
541,0.541,0.5016996244512805
542,0.542,0.4779911932293506
543,0.543,-0.37144109947958637
544,0.544,0.4096963215063098
545,0.545,0.6461920895949751
546,0.546,0.6433287306861567
547,0.547,0.8369976682328656
548,0.548,0.4820722890805793
549,0.549,0.8478453083865444
550,0.55,0.46637770095035913
551,0.551,0.2923278151823365
552,0.552,0.37154057159275616
553,0.553,0.3705962359832819
554,0.554,1.1633244515157866
555,0.555,0.4600049994042563
556,0.556,1.0530770884069272
557,0.557,0.9499787112146801
558,0.558,1.060088009325636
559,0.559,1.5631537018695942
560,0.56,1.0876136743913472
561,0.561,1.4693867529081066
562,0.562,1.3654403937072672
563,0.5630000000000001,1.3781329231722257
564,0.5640000000000001,2.1843954203539346
565,0.5650000000000001,1.1335599616739742
566,0.5660000000000001,2.0249411267539483
567,0.5670000000000001,1.9078309406138458
568,0.5680000000000001,1.6400123380285612
569,0.5690000000000001,2.3456637610323026
570,0.5700000000000001,1.3752546658030953
571,0.5710000000000001,1.8455822497228103
572,0.5720000000000001,1.711382145764032
573,0.5730000000000001,2.268543125320733
574,0.5740000000000001,1.8809560167012862
575,0.5750000000000001,2.413509798159984
576,0.5760000000000001,2.294929436300748
577,0.577,2.2726790061514555
578,0.578,2.596865160459487
579,0.579,2.461442985139258
580,0.58,2.2749883612578197
581,0.581,3.4991561247794425
582,0.582,2.567208393694886
583,0.583,2.099980051431991
584,0.584,2.5616769799125496
585,0.585,2.48016581753485
586,0.586,3.1511016273675554
587,0.587,3.0394082261267203
588,0.588,3.0988150184770804
589,0.589,2.9010171027510396
590,0.59,2.9574860574208492
591,0.591,2.9556457474449873
592,0.592,3.064501310340231
593,0.593,3.3576390376690797
594,0.594,3.2222441152345245
595,0.595,3.282009730187442
596,0.596,3.2885510427424536
597,0.597,3.406869929517519
598,0.598,3.2269876363666414
599,0.599,3.2433712761161013
600,0.6,3.483730806156114
601,0.601,2.9151858151986123
602,0.602,2.8418782691905746
603,0.603,2.7230802868551707
604,0.604,3.110415589222088
605,0.605,2.472619864524347
606,0.606,3.1371934059980373
607,0.607,2.932311618278041
608,0.608,3.2688134906804938
609,0.609,2.6871521043602042
610,0.61,2.7851238342517943
611,0.611,3.1373993699025897
612,0.612,3.167673430605464
613,0.613,2.4982120095473834
614,0.614,2.7040094191249398
615,0.615,2.68287798491267
616,0.616,2.6497582500148735
617,0.617,2.4002095302546143
618,0.618,2.803108620994195
619,0.619,1.7900699024605662
620,0.62,2.1676924199969716
621,0.621,2.364413632690013
622,0.622,2.302347628928323
623,0.623,2.505487604943301
624,0.624,2.393132198951718
625,0.625,1.8817220758222595
626,0.626,2.290970167673492
627,0.627,1.6205116856979687
628,0.628,2.047981303363161
629,0.629,2.2463191879508306
630,0.63,2.0027266443952403
631,0.631,1.605861784026249
632,0.632,1.4114582373060276
633,0.633,0.9904117155147621
634,0.634,1.4814402826069506
635,0.635,0.9944440119089624
636,0.636,1.0333834996866125
637,0.637,0.8581337810336427
638,0.638,1.0231194729983635
639,0.639,1.100690940674434
640,0.64,1.1410860410127146
641,0.641,0.8309464189059218
642,0.642,1.286249542771694
643,0.643,0.8597212754041135
644,0.644,0.6450105698126585
645,0.645,0.9108494342580856
646,0.646,1.396206300037841
647,0.647,0.8744559767296801
648,0.648,0.6344417123462647
649,0.649,0.2570985678018389
650,0.65,0.6242147919965974
651,0.651,0.737886640996946
652,0.652,0.5311675414496535
653,0.653,0.13051018878112863
654,0.654,0.36026696031314287
655,0.655,1.0397044116735485
656,0.656,1.024004122815357
657,0.657,0.3207785994991756
658,0.658,0.7840123264699953
659,0.659,0.22641189735802036
660,0.66,1.001388297379474
661,0.661,0.6560058741939628
662,0.662,0.8718155818917304
663,0.663,0.07893766982623895
664,0.664,0.805256521214148
665,0.665,0.6100176256882448
666,0.666,0.8800007475283537
667,0.667,0.9126212159828765
668,0.668,0.6731572311163497
669,0.669,0.48983843848990766
670,0.67,0.9219462934800958
671,0.671,0.6891039844323611
672,0.672,0.4654674124578576
673,0.673,0.47232559992068474
674,0.674,0.3270820706214081
675,0.675,0.6396722391624066
676,0.676,1.1466406721524227
677,0.677,0.8926794016855994
678,0.678,0.704202097712943
679,0.679,1.1285787627482717
680,0.68,0.6614422300987337
681,0.681,0.9638166706871631
682,0.682,0.9052053451457731
683,0.683,1.216470689884536
684,0.684,0.5328566207214633
685,0.685,0.7738235417399739
686,0.686,0.5597439918552918
687,0.687,0.995069370706245
688,0.6880000000000001,1.4574280873313452
689,0.6890000000000001,0.9626691143150518
690,0.6900000000000001,0.9805913685880487
691,0.6910000000000001,1.4139416248462313
692,0.6920000000000001,1.4907030034862305
693,0.6930000000000001,1.1603254705951394
694,0.6940000000000001,1.4080806552662497
695,0.6950000000000001,0.8943332137740618
696,0.6960000000000001,1.6445297473928555
697,0.6970000000000001,1.8884195333666398
698,0.6980000000000001,1.411790009005941
699,0.6990000000000001,0.640693138333927
700,0.7000000000000001,1.1080500133819386
701,0.7010000000000001,1.4678686068414368
702,0.7020000000000001,1.165076592300238
703,0.7030000000000001,1.6797097834281054
704,0.704,1.4800903814215747
705,0.705,1.0963998767572811
706,0.706,1.3218754862588407
707,0.707,1.0471070826268527
708,0.708,1.2628084778798445
709,0.709,1.1528618707954823
710,0.71,1.6727207446986887
711,0.711,1.955616007044834
712,0.712,0.8915187389186499
713,0.713,0.743593728817047
714,0.714,1.2463912098273715
715,0.715,0.8635859882729879
716,0.716,1.3320094577784674
717,0.717,1.541814767676663
718,0.718,1.7644028758634096
719,0.719,1.3757292690633343
720,0.72,1.2567245110140224
721,0.721,0.7208097675526702
722,0.722,1.322211879101803
723,0.723,1.3362315058695216
724,0.724,1.5075577783455154
725,0.725,1.104961686718577
726,0.726,1.1893138394155873
727,0.727,0.8795028265290783
728,0.728,0.6394058649360093
729,0.729,0.9990102952494605
730,0.73,0.8661569451530498
731,0.731,1.4449417031642406
732,0.732,1.1961817969320763
733,0.733,1.198901942511737
734,0.734,1.0748871711187684
735,0.735,0.4113894607173628
736,0.736,1.8457263427696358
737,0.737,1.106360772095473
738,0.738,1.2970608233518615
739,0.739,0.9997939502579176
740,0.74,1.7444313364075483
741,0.741,1.5135656896954393
742,0.742,1.2413767889890581
743,0.743,1.391394078407239
744,0.744,2.0332755914802867
745,0.745,1.5296186321832126
746,0.746,1.5195459591683715
747,0.747,1.315008895816371
748,0.748,1.053131842905687
749,0.749,1.5982206472399585
750,0.75,1.7691579260460486
751,0.751,2.02712628510963
752,0.752,1.048797057790249
753,0.753,1.4121609498156293
754,0.754,1.6019468582315644
755,0.755,1.8016214491636044
756,0.756,1.7855463311230706
757,0.757,1.81870764857069
758,0.758,2.003437152559912
759,0.759,1.6353167656890624
760,0.76,2.2112091663250335
761,0.761,2.0848914830518037
762,0.762,1.8818818768268502
763,0.763,2.48002543545701
764,0.764,2.4874035740183604
765,0.765,2.319736194529922
766,0.766,1.152212240533353
767,0.767,2.5477586280860645
768,0.768,2.3270460660209777
769,0.769,2.7031982997987885
770,0.77,2.483155681224302
771,0.771,2.5939167170791433
772,0.772,2.390243235456857
773,0.773,2.535106326809033
774,0.774,2.7300950696632444
775,0.775,2.1955875973394994
776,0.776,1.6550214802529248
777,0.777,2.027738142918716
778,0.778,2.2273802108967073
779,0.779,2.1203437932000324
780,0.78,1.7083862385844721
781,0.781,1.5744529989269243
782,0.782,1.8197386868551928
783,0.783,2.259584035588371
784,0.784,2.4633744775293147
785,0.785,2.2330748983388187
786,0.786,2.2409835943216003
787,0.787,1.8619885571587136
788,0.788,1.3229330895701017
789,0.789,1.6651943687112616
790,0.79,1.6772550871236647
791,0.791,1.5558684663006057
792,0.792,1.6685349524674893
793,0.793,1.7288154568486693
794,0.794,1.793767810077451
795,0.795,1.3932131773202339
796,0.796,0.8417321974664796
797,0.797,1.2017565887619137
798,0.798,1.2911768236682821
799,0.799,1.5741793185106157
800,0.8,0.9642530566210354
801,0.801,1.2137678752926002
802,0.802,1.0707665870252345
803,0.803,0.9191560012946149
804,0.804,1.1060942909920994
805,0.805,0.5485338092266858
806,0.806,0.49319349236073484
807,0.807,0.5804685582889042
808,0.808,0.3098312069110979
809,0.809,0.5718884806171679
810,0.81,0.12314107373273359
811,0.811,0.3228434130982996
812,0.812,0.14323146846169646
813,0.8130000000000001,0.1568108482467528
814,0.8140000000000001,-0.12557842921375373
815,0.8150000000000001,-0.16816693311669384
816,0.8160000000000001,-0.11497391124583534
817,0.8170000000000001,-0.1587995890541888
818,0.8180000000000001,-0.2943955335770818
819,0.8190000000000001,0.1469317778959851
820,0.8200000000000001,-0.7310333681893435
821,0.8210000000000001,-0.5195707271828136
822,0.8220000000000001,-1.0360309962416612
823,0.8230000000000001,-0.5128651842964929
824,0.8240000000000001,-1.0163113743984526
825,0.8250000000000001,-0.8189719136322685
826,0.8260000000000001,-0.8971345534037143
827,0.8270000000000001,-0.7473896244922388
828,0.8280000000000001,-1.039561203512903
829,0.8290000000000001,-1.0901382325492903
830,0.8300000000000001,-0.5142092686084354
831,0.8310000000000001,-0.8884661564298991
832,0.8320000000000001,-1.1663373263772527
833,0.833,-1.0926525019204272
834,0.834,-0.5382627820179804
835,0.835,-1.1118782592123462
836,0.836,-1.2524846029360373
837,0.837,-1.250422139783064
838,0.838,-1.2036826572843593
839,0.839,-1.2060817149709
840,0.84,-1.395163161301977
841,0.841,-1.3268125840013465
842,0.842,-1.2113947101675553
843,0.843,-0.752967050091076
844,0.844,-1.0074909708057973
845,0.845,-0.9128559012489547
846,0.846,-0.4222558022784669
847,0.847,-0.36243953108049304
848,0.848,-0.7784369927736424
849,0.849,-0.8212445470838174
850,0.85,-0.8249743104957268
851,0.851,-0.28710702475224537
852,0.852,-0.4814574805714731
853,0.853,-0.4571012445173587
854,0.854,-0.5025666478985555
855,0.855,-0.403107542308516
856,0.856,0.013411711513579852
857,0.857,-0.38453756653605686
858,0.858,0.40409570703116515
859,0.859,0.04359704674438433
860,0.86,0.2592714261806368
861,0.861,0.0054897343396961285
862,0.862,0.5070073845664813
863,0.863,0.5177641925914653
864,0.864,0.7078780486500413
865,0.865,1.2718382487273991
866,0.866,0.9915180295841854
867,0.867,0.8078275846495543
868,0.868,0.940650694957672
869,0.869,1.439880806329734
870,0.87,1.7573854897970713
871,0.871,1.557598053246551
872,0.872,1.7833595878587822
873,0.873,1.861539162716491
874,0.874,2.20403236917846
875,0.875,1.2906326790539513
876,0.876,2.170057209105586
877,0.877,2.356269161198213
878,0.878,1.747360302382128
879,0.879,1.9673838008959006
880,0.88,2.0579488687788987
881,0.881,2.1703637327592142
882,0.882,2.31575667628671
883,0.883,2.5995258507884884
884,0.884,2.8478840846147744
885,0.885,2.968751943421482
886,0.886,2.4437131601271673
887,0.887,2.48668532734559
888,0.888,3.174032723949067
889,0.889,3.0064906171808197
890,0.89,2.8643542519457332
891,0.891,3.002241847719115
892,0.892,2.865655325905744
893,0.893,3.039846679823281
894,0.894,2.7829740334126454
895,0.895,2.959154444737275
896,0.896,2.4134321374094143
897,0.897,2.6416955402109457
898,0.898,2.61972211009597
899,0.899,2.6786908392066855
900,0.9,2.474672137176546
901,0.901,2.5476853757596767
902,0.902,2.202138849779133
903,0.903,2.763488022075397
904,0.904,2.5103663259429507
905,0.905,1.9537750067398163
906,0.906,2.139245197749785
907,0.907,2.4093554487351585
908,0.908,2.0586751786261783
909,0.909,1.9204512641257385
910,0.91,2.010089112982573
911,0.911,2.033712849349484
912,0.912,1.3933955579943995
913,0.913,1.8787907756884041
914,0.914,1.3591944129379627
915,0.915,1.4758223421792183
916,0.916,1.34920216507255
917,0.917,1.0773770376879868
918,0.918,0.8014509523635492
919,0.919,0.8936294692756327
920,0.92,1.3358148724948957
921,0.921,0.3070535730206758
922,0.922,1.0894222396051265
923,0.923,0.3691928717642393
924,0.924,0.32269041003021315
925,0.925,-0.14899300480003388
926,0.926,-0.18906401085574115
927,0.927,-0.2425203235941825
928,0.928,-0.5381982748916977
929,0.929,-0.41850526972874086
930,0.93,-0.6073956410602886
931,0.931,-0.057266250153024556
932,0.932,-1.0868849800237221
933,0.933,-0.8279007879206413
934,0.934,-0.9026411554933815
935,0.935,-1.4127081897083102
936,0.936,-0.9961789525961492
937,0.937,-1.4280183148392536
938,0.9380000000000001,-2.1578999442440137
939,0.9390000000000001,-1.3089661532164676
940,0.9400000000000001,-1.9335360267052373
941,0.9410000000000001,-1.9988484502583868
942,0.9420000000000001,-1.5584877758831217
943,0.9430000000000001,-1.9433970629527597
944,0.9440000000000001,-1.6321400804067223
945,0.9450000000000001,-1.606281248658575
946,0.9460000000000001,-2.218127452613928
947,0.9470000000000001,-1.835288197482475
948,0.9480000000000001,-2.34168511079461
949,0.9490000000000001,-1.4799360579951335
950,0.9500000000000001,-2.385528927004861
951,0.9510000000000001,-1.890457783378535
952,0.9520000000000001,-1.9586060060284978
953,0.9530000000000001,-2.123159726405245
954,0.9540000000000001,-2.418165169511804
955,0.9550000000000001,-2.254221572296557
956,0.9560000000000001,-2.839495519951133
957,0.9570000000000001,-2.1035809592265857
958,0.9580000000000001,-2.0364574684633907
959,0.9590000000000001,-2.064772056199217
960,0.96,-2.9534569101688524
961,0.961,-2.3911019770897814
962,0.962,-2.1792469692912864
963,0.963,-1.8043730317917477
964,0.964,-1.7359616327511882
965,0.965,-1.7987825329243565
966,0.966,-1.476389406007575
967,0.967,-1.888632542869695
968,0.968,-1.3063053559920803
969,0.969,-1.2506745324238455
970,0.97,-1.1789583158837347
971,0.971,-1.241685744395708
972,0.972,-0.5287487888581561
973,0.973,-0.8173012159451081
974,0.974,-1.1397896015826396
975,0.975,-0.6559282907699744
976,0.976,-0.3832782766105224
977,0.977,-0.6619093046957691
978,0.978,-0.03338293444117546
979,0.979,-0.11886656828151873
980,0.98,-0.8085503486393898
981,0.981,0.11234962280635495
982,0.982,0.02908061878453949
983,0.983,0.4402720239649208
984,0.984,0.6900002858658902
985,0.985,0.5918948750298809
986,0.986,1.158131863245959
987,0.987,0.7283648127977778
988,0.988,1.0906705297728065
989,0.989,1.2634075503566533
990,0.99,1.1085035137585695
991,0.991,1.4838458021097176
992,0.992,1.1806924655205167
993,0.993,1.3372415998878628
994,0.994,1.1708948004379767
995,0.995,1.7330928931530794
996,0.996,1.8493761376075002
997,0.997,2.1915292648799682
998,0.998,2.155594777746822
999,0.999,1.9076198240055442
1000,1.0,1.708481704757012
1001,1.0010000000000001,2.25452578541019
1002,1.002,2.5142951592311915
1003,1.0030000000000001,2.4575119023301006
1004,1.004,2.599520841864714
1005,1.0050000000000001,2.247031785231255
1006,1.006,2.200120813564318
1007,1.0070000000000001,2.1415389984595787
1008,1.008,2.3612682360105306
1009,1.0090000000000001,2.362764194307428
1010,1.01,2.449498983437589
1011,1.0110000000000001,2.3427062035214643
1012,1.012,2.328269774786335
1013,1.0130000000000001,2.1151147200844447
1014,1.014,2.603336657129262
1015,1.0150000000000001,2.3095800294076594
1016,1.016,2.193214383050859
1017,1.0170000000000001,1.9735155192750282
1018,1.018,1.743785763468284
1019,1.0190000000000001,2.4749478323397827
1020,1.02,2.181916714741749
1021,1.0210000000000001,1.455286853868407
1022,1.022,2.0925335876510536
1023,1.0230000000000001,2.0558938912956655
1024,1.024,1.726705911527405
1025,1.025,2.0740254513164493
1026,1.026,1.560048297421589
1027,1.027,0.9659661570607116
1028,1.028,1.3923977517338995
1029,1.029,1.2443274935390443
1030,1.03,0.8743932139872708
1031,1.031,1.108831727611613
1032,1.032,0.31505799817111413
1033,1.033,0.9886942628899851
1034,1.034,0.302195353166249
1035,1.035,0.14256983127832085
1036,1.036,0.27501941685312675
1037,1.037,0.30924338409597096
1038,1.038,0.09816664127025418
1039,1.039,-0.30433489454031937
1040,1.04,-0.36367345330331474
1041,1.041,-0.6814722410979986
1042,1.042,-0.537703236619162
1043,1.043,-0.27518728511904494
1044,1.044,-0.7246548085674872
1045,1.045,-0.5891616444293956
1046,1.046,-0.5315507429978166
1047,1.047,-1.2629934438980472
1048,1.048,-1.2578742474131965
1049,1.049,-0.6624334004972507
1050,1.05,-0.9886406154981872
1051,1.051,-2.027782320887031
1052,1.052,-1.5097139420413253
1053,1.053,-1.7208977695999128
1054,1.054,-1.5634920257977947
1055,1.055,-2.120199688614597
1056,1.056,-2.2285603544011185
1057,1.057,-2.253959668775913
1058,1.058,-2.2914795371451135
1059,1.059,-1.9381996839146975
1060,1.06,-2.594037127780608
1061,1.061,-2.4771944039107514
1062,1.062,-2.871590381292777
1063,1.063,-2.070879956961891
1064,1.064,-2.023416437793521
1065,1.065,-2.5280887043364464
1066,1.066,-2.5380935247303014
1067,1.067,-2.3249750724135687
1068,1.068,-2.0243311082666167
1069,1.069,-2.343358008160845
1070,1.07,-2.668050971061475
1071,1.071,-2.9309337311855623
1072,1.072,-2.7600638837636877
1073,1.073,-2.377647639422976
1074,1.074,-2.564274021119566
1075,1.075,-2.2713669005139336
1076,1.076,-2.4521967455491636
1077,1.077,-2.554685170668889
1078,1.078,-2.5359264014595437
1079,1.079,-1.6545501904726454
1080,1.08,-1.7920884333818485
1081,1.081,-1.4704846234380824
1082,1.082,-1.7540884633013518
1083,1.083,-1.9673468956396176
1084,1.084,-1.359739679527991
1085,1.085,-1.6814565522833544
1086,1.086,-1.5167737621023283
1087,1.087,-1.5043621921096335
1088,1.088,-2.281382915448664
1089,1.089,-0.8193120512987019
1090,1.09,-1.0547975121895945
1091,1.091,-1.0027883472669321
1092,1.092,-1.0185032974934605
1093,1.093,-0.8481061551830835
1094,1.094,-0.9727420581581563
1095,1.095,-0.5045991577035281
1096,1.096,-0.9776373714303102
1097,1.097,-0.42586987527960035
1098,1.098,-0.2099725179393036
1099,1.099,-0.3356907121141497
1100,1.1,-0.06368061066042971
1101,1.101,-0.37270580549799465
1102,1.102,-0.2672323747903479
1103,1.103,0.18924502353466854
1104,1.104,0.41511853557147116
1105,1.105,-0.260246477929651
1106,1.106,0.546551794734188
1107,1.107,0.31153875468057224
1108,1.108,0.49779274917704447
1109,1.109,0.23126970830191873
1110,1.11,0.45127236763548
1111,1.111,1.0661703474296953
1112,1.112,0.8515250655224075
1113,1.113,0.7877542607990248
1114,1.114,0.9239971650629638
1115,1.115,1.1573587706114727
1116,1.116,1.1895683547589522
1117,1.117,1.0768037982874397
1118,1.118,1.4640690142143056
1119,1.119,1.4590939574121422
1120,1.12,1.3185888834471267
1121,1.121,1.2323915862216919
1122,1.122,1.4294209567075395
1123,1.123,1.3375009558107411
1124,1.124,1.5672465429790168
1125,1.125,1.5194768236266414
1126,1.1260000000000001,0.9395926149599771
1127,1.127,0.9096567578282488
1128,1.1280000000000001,1.0104376981676773
1129,1.129,1.4940992398312574
1130,1.1300000000000001,0.7039909714366918
1131,1.131,1.2662345985999135
1132,1.1320000000000001,1.2229218219665274
1133,1.133,1.4248755944226013
1134,1.1340000000000001,1.0878310265512197
1135,1.135,0.5843075662860111
1136,1.1360000000000001,0.6490752272529987
1137,1.137,0.528152575143271
1138,1.1380000000000001,0.6636929868687256
1139,1.139,0.7091919869051246
1140,1.1400000000000001,0.35029139618282373
1141,1.141,1.0740798152414053
1142,1.1420000000000001,0.16557723676249075
1143,1.143,0.894828687394662
1144,1.1440000000000001,0.7721752528467474
1145,1.145,0.6097792794110906
1146,1.1460000000000001,0.054097884471788094
1147,1.147,0.2854253835835019
1148,1.1480000000000001,-0.2812891666566906
1149,1.149,0.2934433769157244
1150,1.1500000000000001,-0.08451128849239851
1151,1.151,-0.26808981597491793
1152,1.1520000000000001,-0.5956425589174728
1153,1.153,-1.055003329537541
1154,1.154,-0.7063164231519922
1155,1.155,-0.1434553204943897
1156,1.156,-0.6799961484369931
1157,1.157,-0.6908854507505261
1158,1.158,-0.5232355777299466
1159,1.159,-0.2566829243047206
1160,1.16,-0.4778304008833247
1161,1.161,-1.2422551740017143
1162,1.162,-1.6066403292559484
1163,1.163,-0.387217186663691
1164,1.164,-0.48339003340109643
1165,1.165,-1.1741372755658404
1166,1.166,-1.6758619653525824
1167,1.167,-1.0671132757429596
1168,1.168,-1.4470440674936105
1169,1.169,-1.5042026775099633
1170,1.17,-1.2546228739607195
1171,1.171,-1.4722058748298774
1172,1.172,-1.974650628800128
1173,1.173,-1.7594829492404107
1174,1.174,-1.503583113564484
1175,1.175,-1.585396159417666
1176,1.176,-1.693055367691277
1177,1.177,-1.5214506662664407
1178,1.178,-1.936432968246971
1179,1.179,-1.7973859620837214
1180,1.18,-2.8833748978035585
1181,1.181,-2.021982970588854
1182,1.182,-1.6710138403803356
1183,1.183,-2.0271575115229368
1184,1.184,-2.0565767479379455
1185,1.185,-2.2326951514485076
1186,1.186,-1.6197568834765432
1187,1.187,-1.7537753137870589
1188,1.188,-1.6653692797330841
1189,1.189,-2.422767731941001
1190,1.19,-1.9422845801286022
1191,1.191,-1.9648769235836772
1192,1.192,-1.9492748223206342
1193,1.193,-2.031859645368327
1194,1.194,-1.9306464291559173
1195,1.195,-1.5496324573164433
1196,1.196,-2.3541736899781176
1197,1.197,-1.2211413485951637
1198,1.198,-1.5815476884390904
1199,1.199,-1.7102698428830094
1200,1.2,-1.3950325425531491
1201,1.201,-2.070930682436024
1202,1.202,-1.802015521998716
1203,1.203,-1.605222254156477
1204,1.204,-1.1247358925530242
1205,1.205,-1.5132062162594861
1206,1.206,-1.3285795117750576
1207,1.207,-1.6044275195378215
1208,1.208,-1.2452089079482511
1209,1.209,-0.851674037389529
1210,1.21,-1.0197717455600317
1211,1.211,-1.3065681101194593
1212,1.212,-1.0434167477533873
1213,1.213,-1.0370809303811261
1214,1.214,-1.023073742832589
1215,1.215,-0.8067169721349463
1216,1.216,-0.7748423736094457
1217,1.217,-1.1109303471625671
1218,1.218,-0.8476086928463674
1219,1.219,-1.123354694244763
1220,1.22,-1.2545308187839477
1221,1.221,-1.028627323346833
1222,1.222,-0.9418712726137083
1223,1.223,-1.3897537716796275
1224,1.224,-0.6065920383677734
1225,1.225,-1.6694533458021015
1226,1.226,-0.0005503428111732767
1227,1.227,-0.3413648189079109
1228,1.228,-0.8483689412946358
1229,1.229,-0.7465857489998483
1230,1.23,-0.6390778666978891
1231,1.231,-0.8884747816858816
1232,1.232,-0.636887052914037
1233,1.233,-0.7219899234818693
1234,1.234,-0.6923369531116309
1235,1.235,-0.5960024559269839
1236,1.236,-1.0319731469306634
1237,1.237,-0.6145702432401303
1238,1.238,-0.566945756144037
1239,1.239,-0.567833621119608
1240,1.24,-0.6626696905383923
1241,1.241,-0.24887011126392827
1242,1.242,-0.68945458272748
1243,1.243,-0.5090644547018084
1244,1.244,-0.18269474625359033
1245,1.245,-0.5909824200292512
1246,1.246,-0.4987248811390339
1247,1.247,-0.5884270659703204
1248,1.248,-0.18524719415531804
1249,1.249,-0.6311663970421253
1250,1.25,-0.16662484775504066
1251,1.2510000000000001,-0.5808293626793383
1252,1.252,-0.8060023324022589
1253,1.2530000000000001,-0.34300572039879984
1254,1.254,-0.6370677431960987
1255,1.2550000000000001,-0.3585206871470325
1256,1.256,-1.3626100867858049
1257,1.2570000000000001,-0.5414229609442365
1258,1.258,-0.6801070904507667
1259,1.2590000000000001,-0.8604602547680955
1260,1.26,-0.7067032255389206
1261,1.2610000000000001,-0.7120603306062612
1262,1.262,-0.5535170911457304
1263,1.2630000000000001,-0.9484324511341189
1264,1.264,-0.44239888847203857
1265,1.2650000000000001,-0.12639312608806735
1266,1.266,-0.45088681827721805
1267,1.2670000000000001,-0.29131365729763914
1268,1.268,-0.20443378419824743
1269,1.2690000000000001,-0.16061018608396627
1270,1.27,0.030748567411393313
1271,1.2710000000000001,-0.6787946720704537
1272,1.272,-0.7433530570678789
1273,1.2730000000000001,-0.2916064559431846
1274,1.274,-0.31310465192119363
1275,1.2750000000000001,-0.2919595806564705
1276,1.276,0.04286302237911077
1277,1.2770000000000001,-0.5199979268548182
1278,1.278,-0.39532538448860816
1279,1.2790000000000001,-0.8173797541153967
1280,1.28,0.11686118208412999
1281,1.281,-0.625606878488349
1282,1.282,-0.6185098203667606
1283,1.283,-0.6320233105690892
1284,1.284,-0.7240312123923441
1285,1.285,-0.7526281431634778
1286,1.286,-0.694873120224562
1287,1.287,-0.9522551532639101
1288,1.288,-0.7837148565771133
1289,1.289,0.03006001029112404
1290,1.29,-0.34140447096315873
1291,1.291,-0.2928189568199624
1292,1.292,-0.22698608485528932
1293,1.293,-0.04058575743148052
1294,1.294,-1.1340957616404364
1295,1.295,-0.9846854555514597
1296,1.296,-0.8711372560120365
1297,1.297,-0.7865222239409562
1298,1.298,-0.7526716916631933
1299,1.299,-0.8148324455932309
1300,1.3,-0.6345467690691479
1301,1.301,-0.7107290049795545
1302,1.302,-0.9605345781594647
1303,1.303,-1.4201082865145294
1304,1.304,-1.0904554652919938
1305,1.305,-0.9839018796823155
1306,1.306,-0.9211600191043745
1307,1.307,-1.2151926261758605
1308,1.308,-1.0541141272980208
1309,1.309,-1.2780385187015477
1310,1.31,-1.0096086332019834
1311,1.311,-1.328114628880137
1312,1.312,-1.2963337689157843
1313,1.313,-1.470833804831097
1314,1.314,-1.1618698698050745
1315,1.315,-1.4142974945696491
1316,1.316,-0.9217451004180687
1317,1.317,-1.1122315205839455
1318,1.318,-1.2958468636124811
1319,1.319,-1.555644044658152
1320,1.32,-1.2442503884149563
1321,1.321,-1.1935988825399122
1322,1.322,-1.4006887840573117
1323,1.323,-1.0052389620585955
1324,1.324,-1.3913611819404346
1325,1.325,-1.297998740515031
1326,1.326,-1.5746393457316468
1327,1.327,-1.4543083836549602
1328,1.328,-1.9378804101287095
1329,1.329,-1.8776105399520522
1330,1.33,-1.6757994242150749
1331,1.331,-1.7176335741752815
1332,1.332,-1.7066369846235692
1333,1.333,-1.5663269137112463
1334,1.334,-2.3601932390804565
1335,1.335,-2.2598946347274325
1336,1.336,-1.9320127971281749
1337,1.337,-2.2498593705060332
1338,1.338,-1.049099622884638
1339,1.339,-1.9356857438715291
1340,1.34,-2.1398457100984793
1341,1.341,-2.2947914191835075
1342,1.342,-2.3057539266063385
1343,1.343,-2.1718646348335193
1344,1.344,-2.164063376557165
1345,1.345,-2.3488773433035557
1346,1.346,-2.3053973173673414
1347,1.347,-1.829047909791004
1348,1.348,-1.8230919420105454
1349,1.349,-2.166110905559354
1350,1.35,-2.644491666159257
1351,1.351,-2.078026661207857
1352,1.352,-1.7677932469035467
1353,1.353,-1.8146551609850825
1354,1.354,-1.993768581175129
1355,1.355,-1.7728655816180003
1356,1.356,-2.1660664795771933
1357,1.357,-1.9731472533277061
1358,1.358,-2.342338358326271
1359,1.359,-2.0240190264896603
1360,1.36,-1.6835412808410761
1361,1.361,-2.227096063826546
1362,1.362,-2.273798967137783
1363,1.363,-1.9485204210260783
1364,1.364,-2.0055559535573266
1365,1.365,-1.7000866804392314
1366,1.366,-1.9856700825212013
1367,1.367,-1.2867223723805639
1368,1.368,-2.1395421908695544
1369,1.369,-1.324858036586273
1370,1.37,-1.876865604441311
1371,1.371,-2.13087844087135
1372,1.372,-1.4637889487088602
1373,1.373,-1.5531585748021444
1374,1.374,-1.750008764266607
1375,1.375,-1.8607882257490291
1376,1.3760000000000001,-1.2972118833849462
1377,1.377,-0.9395451635901972
1378,1.3780000000000001,-0.9938560422560179
1379,1.379,-1.0890221743462636
1380,1.3800000000000001,-0.898914279517865
1381,1.381,-0.9873080594883841
1382,1.3820000000000001,-1.344877671418512
1383,1.383,-1.2794880826172452
1384,1.3840000000000001,-0.8520749406780782
1385,1.385,-0.7780717781773254
1386,1.3860000000000001,-0.4143803459390208
1387,1.387,-0.3835306485424752
1388,1.3880000000000001,-0.3716733864002101
1389,1.389,-0.5814283387568084
1390,1.3900000000000001,-0.8574988809003616
1391,1.391,-0.26765736520731476
1392,1.3920000000000001,-0.18390048027101452
1393,1.393,-1.0105560576959824
1394,1.3940000000000001,-0.49938560718968217
1395,1.395,-0.4141926978775219
1396,1.3960000000000001,-0.13202327231740546
1397,1.397,-0.37219505681558135
1398,1.3980000000000001,-0.10943083113284457
1399,1.399,-0.13122853783179483
1400,1.4000000000000001,-0.08928400326980077
1401,1.401,-0.23343136928921648
1402,1.4020000000000001,-0.1907840445292789
1403,1.403,-0.3074333399104647
1404,1.4040000000000001,0.1426367194140646
1405,1.405,0.20808674132928043
1406,1.4060000000000001,-0.19017285539990078
1407,1.407,0.49753786182058257
1408,1.408,-0.05665247829307818
1409,1.409,0.4891993330283187
1410,1.41,-0.17404771314194478
1411,1.411,-0.6048945815738128
1412,1.412,0.10429127447963021
1413,1.413,0.03484977306443404
1414,1.414,-0.056590998997747895
1415,1.415,-0.29056197897103564
1416,1.416,-0.1429600655757508
1417,1.417,-0.3242883013039132
1418,1.418,-0.3034638507817726
1419,1.419,-0.005532786404949808
1420,1.42,-0.2513125238464306
1421,1.421,-0.17530464499001364
1422,1.422,-0.4825745040603962
1423,1.423,-0.573198365963978
1424,1.424,-0.8769061205494578
1425,1.425,-0.7046535713179027
1426,1.426,-1.6550861454407229
1427,1.427,-0.9030619260820815
1428,1.428,-0.8197339732662262
1429,1.429,-0.6969699786097242
1430,1.43,-1.0190842448530255
1431,1.431,-0.9078745733189724
1432,1.432,-1.7408691482105207
1433,1.433,-1.179568328466502
1434,1.434,-1.742546471495751
1435,1.435,-1.6777204511267447
1436,1.436,-1.4480276957461276
1437,1.437,-1.0855202996943134
1438,1.438,-1.4331889962046722
1439,1.439,-1.6146206275016863
1440,1.44,-1.700633496399193
1441,1.441,-1.9824529020567776
1442,1.442,-2.0038168320428307
1443,1.443,-1.7830998650903331
1444,1.444,-2.3958146229182966
1445,1.445,-1.8691613978029908
1446,1.446,-2.2282582528718935
1447,1.447,-1.9262112458472818
1448,1.448,-1.945059674807263
1449,1.449,-2.791960517296431
1450,1.45,-2.518104992521715
1451,1.451,-2.6506510574816886
1452,1.452,-2.984768083379544
1453,1.453,-2.794100320973382
1454,1.454,-1.791637573090054
1455,1.455,-2.3769797638138903
1456,1.456,-2.0164821668099946
1457,1.457,-2.3706776581552
1458,1.458,-2.8654997772343656
1459,1.459,-2.776730218755574
1460,1.46,-2.500557339800514
1461,1.461,-2.5563017001268773
1462,1.462,-2.8667503635164677
1463,1.463,-3.148035805297095
1464,1.464,-1.7056769847723594
1465,1.465,-2.726791150590678
1466,1.466,-2.7700928722684743
1467,1.467,-2.621805104912911
1468,1.468,-2.707607357211438
1469,1.469,-2.5725568454399856
1470,1.47,-2.1935501356166425
1471,1.471,-2.5830125826307118
1472,1.472,-2.8563266039992676
1473,1.473,-2.513834245162062
1474,1.474,-2.558575325227307
1475,1.475,-1.9422216905199003
1476,1.476,-1.9645645690707032
1477,1.477,-2.2266856210948642
1478,1.478,-2.582313855722863
1479,1.479,-2.503102249096945
1480,1.48,-2.064525451221027
1481,1.481,-1.899184626652477
1482,1.482,-2.040992821778701
1483,1.483,-1.9989094545943438
1484,1.484,-1.9569098008268153
1485,1.485,-1.7084964215428962
1486,1.486,-2.337156239845352
1487,1.487,-1.8722659348706654
1488,1.488,-1.6484696035866835
1489,1.489,-1.0157947181242055
1490,1.49,-1.5393481691686475
1491,1.491,-1.1579536327229998
1492,1.492,-1.0610188939560439
1493,1.493,-0.6567587638917568
1494,1.494,-0.5850433451943655
1495,1.495,-0.8995465978619982
1496,1.496,-0.9444800564342288
1497,1.497,-0.9218439834507375
1498,1.498,-0.7174499880859148
1499,1.499,-0.6996081168180098
1500,1.5,-0.32965435004596166
1501,1.5010000000000001,-0.29831258488171886
1502,1.502,-0.17808082077433685
1503,1.5030000000000001,0.08816910088710278
1504,1.504,0.3322526578233047
1505,1.5050000000000001,-0.12940722851410116
1506,1.506,0.21942961566539504
1507,1.5070000000000001,-0.16310440476533017
1508,1.508,0.34692805176570063
1509,1.5090000000000001,0.35497462035945265
1510,1.51,0.38005298613517285
1511,1.5110000000000001,0.14252551625077514
1512,1.512,-0.053783502014020185
1513,1.5130000000000001,-0.24368545430003108
1514,1.514,0.18604168165811688
1515,1.5150000000000001,0.6766824080724407
1516,1.516,0.13782721854806773
1517,1.5170000000000001,0.47554222260612644
1518,1.518,0.49759528370982387
1519,1.5190000000000001,0.15886764608713216
1520,1.52,0.6335901559851471
1521,1.5210000000000001,-0.6440416755826536
1522,1.522,-0.15321933144337863
1523,1.5230000000000001,-0.08081709918424324
1524,1.524,-0.07650370657411681
1525,1.5250000000000001,0.24116833430119206
1526,1.526,0.1936040742625773
1527,1.5270000000000001,0.18661691362323346
1528,1.528,0.20470861226386353
1529,1.5290000000000001,-0.30591741892116253
1530,1.53,-0.43720188332744675
1531,1.5310000000000001,-0.0076536956663867395
1532,1.532,-0.37418902379706853
1533,1.5330000000000001,-0.7184202631238811
1534,1.534,-0.021428736197018017
1535,1.5350000000000001,0.03695228463814354
1536,1.536,0.013846326157934907
1537,1.537,-0.4716760520402658
1538,1.538,-0.416994022181798
1539,1.539,-0.27308482768222275
1540,1.54,-0.9577677298270914
1541,1.541,-0.5152061069516902
1542,1.542,-0.8503621335069373
1543,1.543,-0.7446753387970928
1544,1.544,-1.0497315312001758
1545,1.545,-0.8041386648482949
1546,1.546,-1.213820502896126
1547,1.547,-1.8140571935253738
1548,1.548,-1.0211123936935333
1549,1.549,-1.8283346487373582
1550,1.55,-1.2548190144369715
1551,1.551,-1.7434659762381148
1552,1.552,-1.4479642090551763
1553,1.553,-1.543154737300916
1554,1.554,-1.835533707953424
1555,1.555,-1.890916020914686
1556,1.556,-1.99323815218749
1557,1.557,-2.798122684116414
1558,1.558,-2.229579142916333
1559,1.559,-2.6679194059029987
1560,1.56,-2.3464588019122647
1561,1.561,-2.801889230439214
1562,1.562,-2.8719549139015044
1563,1.563,-2.088529206339261
1564,1.564,-2.2986109811570037
1565,1.565,-2.6658497204938807
1566,1.566,-2.649908090012544
1567,1.567,-2.8158728233591725
1568,1.568,-2.601993807659207
1569,1.569,-3.002417508842052
1570,1.57,-2.523210770483083
1571,1.571,-2.913994457939784
1572,1.572,-2.9756943234662097
1573,1.573,-2.8497826196068727
1574,1.574,-3.035045624281962
1575,1.575,-2.7553311257898527
1576,1.576,-3.006204796438251
1577,1.577,-2.690338097180883
1578,1.578,-2.446860669338409
1579,1.579,-3.0031404297951325
1580,1.58,-2.7971733371886214
1581,1.581,-2.5853113154594998
1582,1.582,-2.815323890192308
1583,1.583,-2.5013816948869527
1584,1.584,-2.425548214612857
1585,1.585,-2.214196718128475
1586,1.586,-2.66364986392062
1587,1.587,-2.7031999433013834
1588,1.588,-2.447172071540759
1589,1.589,-2.575965828735992
1590,1.59,-2.043446745125127
1591,1.591,-2.4851090600355845
1592,1.592,-1.3573250564887864
1593,1.593,-1.5861944286815528
1594,1.594,-1.8862864405118667
1595,1.595,-1.5425265430082975
1596,1.596,-2.2043341325965167
1597,1.597,-0.8649638932238469
1598,1.598,-1.7061331049171444
1599,1.599,-1.471003485105682
1600,1.6,-1.8963991424547337
1601,1.601,-1.097767401699806
1602,1.602,-1.479153631644805
1603,1.603,-1.0202073194012087
1604,1.604,-1.1175922052920695
1605,1.605,-1.1816861820065339
1606,1.606,-1.0044659201263104
1607,1.607,-0.6012488912887028
1608,1.608,-0.9605828645948671
1609,1.609,-0.7095369971915221
1610,1.61,-0.19655750146083675
1611,1.611,0.4723955432894691
1612,1.612,-0.0803118149590521
1613,1.613,-0.4166990034663907
1614,1.614,-0.17253147472089406
1615,1.615,0.02301446834770244
1616,1.616,-0.01877686180531983
1617,1.617,0.425835504712677
1618,1.618,0.2851700708124791
1619,1.619,0.5532361541141326
1620,1.62,0.24325463447967022
1621,1.621,0.7875257478297942
1622,1.622,0.3876378902012306
1623,1.623,0.1892081127560452
1624,1.624,1.1718846987773814
1625,1.625,0.004344305586226893
1626,1.6260000000000001,0.3582896532407427
1627,1.627,0.4147160731105763
1628,1.6280000000000001,1.3730000432909475
1629,1.629,1.1749675573781821
1630,1.6300000000000001,1.0881720278036333
1631,1.631,0.5425422680836408
1632,1.6320000000000001,1.365999501696297
1633,1.633,0.7397320012412729
1634,1.6340000000000001,0.9081906070754839
1635,1.635,0.6494577609671159
1636,1.6360000000000001,0.5560630256047486
1637,1.637,0.46561978282386224
1638,1.6380000000000001,0.4435045981815074
1639,1.639,0.6492921622016973
1640,1.6400000000000001,0.5324849809317186
1641,1.641,0.3638387583187872
1642,1.6420000000000001,0.7726242687748157
1643,1.643,-0.6280690775794113
1644,1.6440000000000001,0.35300030089221635
1645,1.645,0.34951814118024066
1646,1.6460000000000001,0.40874286794505177
1647,1.647,-0.027833223449481418
1648,1.6480000000000001,-0.022272202619847428
1649,1.649,0.13185213765892623
1650,1.6500000000000001,0.2013780809800823
1651,1.651,-0.4206662816956921
1652,1.6520000000000001,-0.33717156357095945
1653,1.653,-0.002400026697711777
1654,1.6540000000000001,-1.2335551230619717
1655,1.655,-0.8951049039406214
1656,1.6560000000000001,-0.3411918817511908
1657,1.657,-0.5468149268028117
1658,1.6580000000000001,-0.8119704520744828
1659,1.659,-1.1976054413603117
1660,1.6600000000000001,-1.4217887524983839
1661,1.661,-1.4284192950603685
1662,1.6620000000000001,-0.8797594907917343
1663,1.663,-1.624801585629273
1664,1.6640000000000001,-1.496654826497128
1665,1.665,-1.8424237337913094
1666,1.666,-1.4508413586482873
1667,1.667,-1.950507434562327
1668,1.668,-1.9009657224675256
1669,1.669,-2.456817958542385
1670,1.67,-2.5129914475112223
1671,1.671,-2.10067191307125
1672,1.672,-2.5710924703435865
1673,1.673,-1.6089433888332123
1674,1.674,-2.9219884546040724
1675,1.675,-2.602581920581332
1676,1.676,-2.4122628784175073
1677,1.677,-2.57712648932928
1678,1.678,-2.844550928796838
1679,1.679,-2.841665491165779
1680,1.68,-2.8875891823292665
1681,1.681,-2.7075233427815
1682,1.682,-2.0619477632980145
1683,1.683,-2.6449844220005074
1684,1.684,-2.329083960772331
1685,1.685,-2.5421454290773946
1686,1.686,-2.3650225256764728
1687,1.687,-3.538751810100057
1688,1.688,-2.7843160116619674
1689,1.689,-2.289702105671262
1690,1.69,-2.836905609443721
1691,1.691,-2.1149096382402313
1692,1.692,-2.1715389316719307
1693,1.693,-2.725366589806016
1694,1.694,-2.6984601922336218
1695,1.695,-2.809550080394217
1696,1.696,-2.647503634255121
1697,1.697,-2.7769003287050995
1698,1.698,-2.222475563034677
1699,1.699,-2.7275950862924905
1700,1.7,-2.045173671625923
1701,1.701,-1.9694287951646476
1702,1.702,-2.584027359625583
1703,1.703,-1.5450088934405193
1704,1.704,-1.7768658063627194
1705,1.705,-1.623980016027885
1706,1.706,-1.9916269278373127
1707,1.707,-1.4899076903374149
1708,1.708,-1.2490203258579058
1709,1.709,-1.5248343753596387
1710,1.71,-0.8012649101425376
1711,1.711,-1.2937732525296086
1712,1.712,-0.8687582726789851
1713,1.713,-1.026235638856336
1714,1.714,-0.8410639384800616
1715,1.715,-1.4204364906907294
1716,1.716,-0.710068400200321
1717,1.717,-0.9445526882105667
1718,1.718,-0.8812785218031917
1719,1.719,-0.008343248536722081
1720,1.72,-0.5011266500171141
1721,1.721,-0.6448995087795095
1722,1.722,-0.3603346766474577
1723,1.723,-0.5534642983719392
1724,1.724,0.35378601745705224
1725,1.725,-0.20071035937519885
1726,1.726,0.24832803194700795
1727,1.727,0.5748421552259382
1728,1.728,0.09313116792749701
1729,1.729,0.4744227858347472
1730,1.73,0.07369045081603398
1731,1.731,1.1804093737767778
1732,1.732,0.7874303434563259
1733,1.733,0.5042744968846342
1734,1.734,0.3812892795711345
1735,1.735,0.6254210188165442
1736,1.736,0.5993725383252526
1737,1.737,1.3241503438374298
1738,1.738,0.40255755428735546
1739,1.739,0.8375768339171453
1740,1.74,0.8134526435149898
1741,1.741,0.8003958359198832
1742,1.742,0.8145103405366896
1743,1.743,0.8185428508288104
1744,1.744,1.11634231393069
1745,1.745,1.0329796617504652
1746,1.746,0.9666533019495096
1747,1.747,-0.08364129798232722
1748,1.748,0.8970125680402097
1749,1.749,0.28592243949150065
1750,1.75,0.9471663046684938
1751,1.7510000000000001,1.161501021104686
1752,1.752,0.40251185603358297
1753,1.7530000000000001,0.5585706376661945
1754,1.754,0.40966228161703133
1755,1.7550000000000001,0.9082725518579009
1756,1.756,0.5103153898519615
1757,1.7570000000000001,0.9406524067281292
1758,1.758,0.4830134348563917
1759,1.7590000000000001,0.36495847520303665
1760,1.76,0.242850524864268
1761,1.7610000000000001,0.3950159397501324
1762,1.762,-0.4471480396768571
1763,1.7630000000000001,0.021863365542525614
1764,1.764,-0.10482798193672832
1765,1.7650000000000001,0.05182791492369104
1766,1.766,-0.3057285184258498
1767,1.7670000000000001,-0.6460176200752299
1768,1.768,-0.4182486797116626
1769,1.7690000000000001,-0.8321553227290653
1770,1.77,-1.1722370211775095
1771,1.7710000000000001,-0.46409472780650207
1772,1.772,-0.596015754334337
1773,1.7730000000000001,-0.71675167999673
1774,1.774,-0.5525010435471998
1775,1.7750000000000001,-1.2284619532640122
1776,1.776,-1.542651346733004
1777,1.7770000000000001,-1.2172065912197196
1778,1.778,-1.3815731901682988
1779,1.7790000000000001,-1.6091171693316673
1780,1.78,-1.45721029957347
1781,1.7810000000000001,-1.691035397189006
1782,1.782,-2.129882803762185
1783,1.7830000000000001,-1.779957691108344
1784,1.784,-2.0538137305435034
1785,1.7850000000000001,-1.705263812842667
1786,1.786,-2.0297850528936254
1787,1.7870000000000001,-1.553871570046753
1788,1.788,-1.4565806961271535
1789,1.7890000000000001,-1.7801348535359667
1790,1.79,-2.4911447498789094
1791,1.7910000000000001,-1.6117082062898065
1792,1.792,-1.6234014382635558
1793,1.793,-2.118644160368309
1794,1.794,-1.7507881520379784
1795,1.795,-2.331697271436336
1796,1.796,-2.739679923868813
1797,1.797,-2.4165399221217805
1798,1.798,-1.6733199890126031
1799,1.799,-2.6380831660024597
1800,1.8,-2.184547004890251
1801,1.801,-2.162817532879425
1802,1.802,-2.310657031325425
1803,1.803,-2.2686213230442416
1804,1.804,-2.0878509565431815
1805,1.805,-2.2473759851510664
1806,1.806,-2.4698820495785
1807,1.807,-1.9387372715121443
1808,1.808,-1.6367880985824679
1809,1.809,-1.6491839312245642
1810,1.81,-2.100091198014132
1811,1.811,-2.175674747600364
1812,1.812,-1.824895458084842
1813,1.813,-1.2050189137423464
1814,1.814,-1.413977478917243
1815,1.815,-1.3255604121016407
1816,1.816,-1.1958968463992692
1817,1.817,-1.259967105587953
1818,1.818,-1.2708327458184676
1819,1.819,-1.0268601121908778
1820,1.82,-1.3059077406491675
1821,1.821,-1.481127485654255
1822,1.822,-0.7531062416530577
1823,1.823,-0.5106520087911068
1824,1.824,-1.1284311639825257
1825,1.825,-0.4566644142026207
1826,1.826,-0.10885426488698113
1827,1.827,-0.5234382328318392
1828,1.828,-0.677955972530594
1829,1.829,-0.30582346541761796
1830,1.83,-0.41871617814630124
1831,1.831,-0.3503227273701456
1832,1.832,0.05171901027948944
1833,1.833,-0.47373197189676414
1834,1.834,-0.3418674811202949
1835,1.835,0.17907571870351552
1836,1.836,0.24638459203494031
1837,1.837,0.4335097407870667
1838,1.838,0.9677290815455906
1839,1.839,0.5083690154680497
1840,1.84,0.7252480468919181
1841,1.841,0.31864967999628885
1842,1.842,0.903749771614049
1843,1.843,0.5738815173585059
1844,1.844,0.8078643339050166
1845,1.845,0.8044818709311918
1846,1.846,1.1936491294827352
1847,1.847,0.5331825720756818
1848,1.848,0.27931080672134045
1849,1.849,0.9339514839827822
1850,1.85,1.167749682496626
1851,1.851,1.0975227639714504
1852,1.852,1.4415446269980254
1853,1.853,1.2184881770225102
1854,1.854,0.9288431694056565
1855,1.855,0.40641268460272506
1856,1.856,1.0342121932478012
1857,1.857,1.4105078126052621
1858,1.858,0.9766028122301502
1859,1.859,1.0902431821535032
1860,1.86,1.191182445208596
1861,1.861,0.7387896221904182
1862,1.862,1.2046188614646658
1863,1.863,1.4788286346332475
1864,1.864,0.9017837781654848
1865,1.865,0.5768668138866051
1866,1.866,0.8537299430622209
1867,1.867,0.1608395611996999
1868,1.868,0.8801564849229668
1869,1.869,0.8623609289294809
1870,1.87,1.1738111313753896
1871,1.871,0.5544073319090724
1872,1.872,0.6738847820552597
1873,1.873,0.2291459531016667
1874,1.874,0.31447636805022705
1875,1.875,-0.10437447276349243
1876,1.8760000000000001,0.22465682389004504
1877,1.877,0.11978576738283929
1878,1.8780000000000001,0.2280360671733097
1879,1.879,-0.12304847867201438
1880,1.8800000000000001,0.013892109613392736
1881,1.881,-0.1869156286945478
1882,1.8820000000000001,-0.262540037351559
1883,1.883,-0.2153188316388622
1884,1.8840000000000001,-0.30350740827417877
1885,1.885,-0.16320038415254506
1886,1.8860000000000001,-0.5030395653012034
1887,1.887,-0.6462691780752422
1888,1.8880000000000001,-0.6689263435406787
1889,1.889,-0.9011526596541403
1890,1.8900000000000001,-0.8652551331582088
1891,1.891,-0.21669776263570406
1892,1.8920000000000001,-1.166630416141114
1893,1.893,-1.0410127748685996
1894,1.8940000000000001,-1.1358568945977199
1895,1.895,-1.1533676250078868
1896,1.8960000000000001,-1.2354203059341877
1897,1.897,-1.1061600404431406
1898,1.8980000000000001,-1.7537540757209698
1899,1.899,-0.9770507775653801
1900,1.9000000000000001,-1.1425155298838647
1901,1.901,-1.7456951494059376
1902,1.9020000000000001,-2.0904347567345347
1903,1.903,-1.7359372562228903
1904,1.9040000000000001,-1.544849645261427
1905,1.905,-0.7232428369893669
1906,1.9060000000000001,-1.3556100024007596
1907,1.907,-2.0780390313493675
1908,1.9080000000000001,-1.755707678903312
1909,1.909,-1.5736661712929048
1910,1.9100000000000001,-1.4863132080919168
1911,1.911,-1.9573782999737572
1912,1.9120000000000001,-1.599813885856039
1913,1.913,-1.766820885190727
1914,1.9140000000000001,-1.8707524655933687
1915,1.915,-1.4457724142077453
1916,1.9160000000000001,-1.2715041979936077
1917,1.917,-1.22743309504913
1918,1.9180000000000001,-1.2796534329602112
1919,1.919,-1.5696452947960822
1920,1.92,-1.1708826351738844
1921,1.921,-1.2538100788481599
1922,1.922,-1.264216550986142
1923,1.923,-1.4425117472685658
1924,1.924,-1.3595509571860958
1925,1.925,-1.1368425538313385
1926,1.926,-0.3727680322409953
1927,1.927,-0.9574534490825583
1928,1.928,-1.1718327594542544
1929,1.929,-1.1765839993039529
1930,1.93,-1.010721795232742
1931,1.931,-0.14446020967755113
1932,1.932,-0.8502162432483044
1933,1.933,-0.3897104670503686
1934,1.934,-0.70463398064341
1935,1.935,-0.4425482943313534
1936,1.936,-0.21160720751768083
1937,1.937,-0.548323721752926
1938,1.938,-0.49631989583267133
1939,1.939,0.2666131523159387
1940,1.94,0.13722539781999976
1941,1.941,0.15168713396623354
1942,1.942,0.22283703102366287
1943,1.943,0.19601731506419956
1944,1.944,0.7340842861715884
1945,1.945,0.21144591848117344
1946,1.946,0.4396924530186943
1947,1.947,-0.10199262340162646
1948,1.948,0.15090245460936613
1949,1.949,0.10141743630815098
1950,1.95,0.9051459453364625
1951,1.951,-0.18374448045919356
1952,1.952,0.5180859069519466
1953,1.953,-0.20504893406663793
1954,1.954,0.49534458066469433
1955,1.955,0.646368162485595
1956,1.956,1.255169889183988
1957,1.957,1.0017762064430626
1958,1.958,0.6728481163719613
1959,1.959,1.2794163101696594
1960,1.96,0.9985684188921381
1961,1.961,1.0347671793506685
1962,1.962,0.6896037753708788
1963,1.963,0.776892942017402
1964,1.964,0.8464085840015767
1965,1.965,1.1244421354650795
1966,1.966,1.1469482892083414
1967,1.967,1.5964007682277943
1968,1.968,1.2548013330073666
1969,1.969,0.329669122099862
1970,1.97,1.2199593673911555
1971,1.971,0.7020060205285424
1972,1.972,0.8397327969069985
1973,1.973,0.8751183555321177
1974,1.974,0.9058177204545307
1975,1.975,0.6752118727520187
1976,1.976,1.1287180716446858
1977,1.977,0.6214296678884648
1978,1.978,1.125856970012521
1979,1.979,1.6614412888743433
1980,1.98,0.560467669906624
1981,1.981,0.8404123150192917
1982,1.982,0.1329220427742912
1983,1.983,0.7617218471193363
1984,1.984,1.0048613856260122
1985,1.985,0.9864389639281892
1986,1.986,0.749975653238771
1987,1.987,0.948548677736768
1988,1.988,1.3992418923735968
1989,1.989,1.1015976029081869
1990,1.99,0.382629842929234
1991,1.991,0.05471046826676712
1992,1.992,0.3182050595141668
1993,1.993,0.10549613827780907
1994,1.994,0.47424591304859165
1995,1.995,-0.06637742495888077
1996,1.996,0.21533832209160758
1997,1.997,0.4380346788874818
1998,1.998,0.10628157469454845
1999,1.999,-0.19695864623006676
2000,2.0,0.3905778301864892
2001,2.001,-0.5734456336331675
2002,2.0020000000000002,-0.15489810904577336
2003,2.003,-0.11463398457981329
2004,2.004,-0.1415578959978598
2005,2.005,-0.13484987673566828
2006,2.0060000000000002,-0.04687017287613443
2007,2.007,-0.27983092943991134
2008,2.008,-0.4169106069913684
2009,2.009,-0.4640140038755396
2010,2.0100000000000002,-0.558284923166275
2011,2.011,-0.16940606530227614
2012,2.012,-0.6281173962685986
2013,2.013,-0.20618149577785894
2014,2.0140000000000002,-0.47805302611336997
2015,2.015,-0.6610854955994183
2016,2.016,-0.3374988422173858
2017,2.017,-0.7568730275235246
2018,2.0180000000000002,-0.3600586826110126
2019,2.019,-0.49780076375244864
2020,2.02,-0.7478240242448142
2021,2.021,-0.41483236287315217
2022,2.0220000000000002,-0.4111243089661335
2023,2.023,-0.2267092051838922
2024,2.024,-0.280182582098148
2025,2.025,-0.415925103421561
2026,2.0260000000000002,-0.8921143944723833
2027,2.027,0.1929211478667301
2028,2.028,-0.947893092691683
2029,2.029,-0.2245737356678396
2030,2.0300000000000002,-0.35996702492707655
2031,2.031,-0.8191210927064843
2032,2.032,-0.47930089605823556
2033,2.033,-0.43846132464880005
2034,2.0340000000000003,0.006228330613522903
2035,2.035,-0.5679371795211647
2036,2.036,-0.39901775396074896
2037,2.037,-0.9858508417086707
2038,2.0380000000000003,0.2725798077417214
2039,2.039,-0.5301550818539102
2040,2.04,-0.07058132451199711
2041,2.041,-0.15732350934428216
2042,2.0420000000000003,-0.1132907206985985
2043,2.043,0.2031966644680621
2044,2.044,0.5067205444265479
2045,2.045,0.1267238095370533
2046,2.0460000000000003,0.2944160277653257
2047,2.047,0.2437112391054792
2048,2.048,0.49783868144108323
2049,2.049,0.10147353137947193
2050,2.05,0.6108176927429394
2051,2.051,0.6691348781120284
2052,2.052,0.7083128502105851
2053,2.053,0.23270794207671747
2054,2.054,0.4269381926630295
2055,2.055,0.5953083421411827
2056,2.056,0.1574434228650185
2057,2.057,1.091459279989992
2058,2.058,0.6525105222303796
2059,2.059,0.7833726238143561
2060,2.06,0.5657557630060598
2061,2.061,0.379994779518148
2062,2.062,0.6344690652580518
2063,2.063,0.9173644277466385
2064,2.064,1.0877537781788313
2065,2.065,0.9664788992392135
2066,2.066,1.0521729485378106
2067,2.067,0.8751702282272071
2068,2.068,1.1510999629911023
2069,2.069,1.4707710412351895
2070,2.07,1.2587331490051714
2071,2.071,1.30915150112578
2072,2.072,1.1710495919163937
2073,2.073,0.6459702940907223
2074,2.074,0.7950664703896673
2075,2.075,1.2539252098678213
2076,2.076,1.1206001454278793
2077,2.077,1.259662429526783
2078,2.078,1.6318656363536987
2079,2.079,1.3453809271302417
2080,2.08,1.5012791831734786
2081,2.081,1.1454898752928464
2082,2.082,0.8658471060933143
2083,2.083,1.0790657303940987
2084,2.084,0.8409422633588164
2085,2.085,1.533375749326949
2086,2.086,1.2841576158120391
2087,2.087,1.182044425628858
2088,2.088,1.373292400860302
2089,2.089,0.3709577367018675
2090,2.09,1.1258126359795675
2091,2.091,0.5265969826862082
2092,2.092,0.8861542069445466
2093,2.093,0.7615834943140072
2094,2.094,1.0187159791031963
2095,2.095,0.8521999652385586
2096,2.096,1.1493976272519375
2097,2.097,0.5261071197532241
2098,2.098,0.879049138815231
2099,2.099,0.6735788894178709
2100,2.1,0.09201803343378268
2101,2.101,0.263950363624255
2102,2.102,0.4508829614628048
2103,2.103,0.7853725248765933
2104,2.104,0.5463161069813646
2105,2.105,0.012289710633664963
2106,2.106,0.27576394479116867
2107,2.107,0.8786503156261893
2108,2.108,0.26240876266472557
2109,2.109,0.08701442868033361
2110,2.11,0.28949404331041173
2111,2.111,0.32849176257274537
2112,2.112,-0.07898267428750919
2113,2.113,0.16807552902377254
2114,2.114,-0.12074036276905763
2115,2.115,0.15568057488534143
2116,2.116,-0.04578020932461394
2117,2.117,0.012943413580858792
2118,2.118,-0.3926149698879052
2119,2.119,-0.4425830541937001
2120,2.12,0.05811589690985419
2121,2.121,-0.27656692415386475
2122,2.122,-0.1922158468697157
2123,2.123,-0.392277393959542
2124,2.124,-0.05092421261200164
2125,2.125,-0.5205228333962165
2126,2.126,-0.39386175936932044
2127,2.1270000000000002,-0.1296658901472294
2128,2.128,-0.02306070744532568
2129,2.129,-0.5387027239193479
2130,2.13,0.20263019138138416
2131,2.1310000000000002,-0.2920262624739456
2132,2.132,-0.696580524862392
2133,2.133,-0.26763346830297097
2134,2.134,-0.48481251174014933
2135,2.1350000000000002,-0.22815412355592413
2136,2.136,-0.35658224239897657
2137,2.137,-0.3036822450624656
2138,2.138,-0.5785782150824292
2139,2.1390000000000002,0.015867744306908627
2140,2.14,-0.6009806955746007
2141,2.141,-0.5567412823148041
2142,2.142,-0.08089568238577707
2143,2.1430000000000002,0.32568058626805485
2144,2.144,-0.2221597641150187
2145,2.145,0.13548820547455082
2146,2.146,0.2914833077437067
2147,2.1470000000000002,0.2607879638474747
2148,2.148,-0.027560127920881444
2149,2.149,-0.20968018544510436
2150,2.15,-0.4905019292697226
2151,2.1510000000000002,0.14921317766540487
2152,2.152,0.6398388462452389
2153,2.153,0.009417012958963078
2154,2.154,0.6187463556059164
2155,2.1550000000000002,0.18726555966563818
2156,2.156,0.5692149438488813
2157,2.157,0.8161031385696907
2158,2.158,0.47341131933348074
2159,2.1590000000000003,0.7908475494009649
2160,2.16,0.6843862662350187
2161,2.161,1.09025634078309
2162,2.162,1.0195050200971436
2163,2.1630000000000003,1.036270603843946
2164,2.164,1.5572495422831996
2165,2.165,1.3586857614688068
2166,2.166,1.0227644294335523
2167,2.1670000000000003,1.273416030942691
2168,2.168,1.3449417428677788
2169,2.169,1.4593761602584299
2170,2.17,2.2590369872289475
2171,2.1710000000000003,1.677982038132117
2172,2.172,1.019441301944781
2173,2.173,1.5291085204408015
2174,2.174,1.1720332462075504
2175,2.1750000000000003,1.710475918680743
2176,2.176,1.2685839781581252
2177,2.177,1.6561744369102032
2178,2.178,1.5116493258659949
2179,2.179,2.1305001078960806
2180,2.18,2.0598107156431067
2181,2.181,2.191790212830845
2182,2.182,2.107496832245622
2183,2.183,1.7551017943501164
2184,2.184,2.3584127298931326
2185,2.185,2.808302028042159
2186,2.186,2.3778757998558113
2187,2.187,2.146906421008305
2188,2.188,1.8618351156150843
2189,2.189,2.0293219048955358
2190,2.19,2.4449820843726173
2191,2.191,2.6341124185491425
2192,2.192,2.3892707508754323
2193,2.193,2.5454980069397206
2194,2.194,2.50801499366961
2195,2.195,2.433494048208659
2196,2.196,2.065452266204379
2197,2.197,2.2922786161406115
2198,2.198,1.9583626588805056
2199,2.199,2.186579449545907
2200,2.2,2.244830548563136
2201,2.201,2.609231487282482
2202,2.202,1.6685764058880257
2203,2.203,2.157805833299264
2204,2.204,2.4056353759757054
2205,2.205,2.1329904831619944
2206,2.206,2.09557202692049
2207,2.207,1.9587609505312913
2208,2.208,2.105271635388166
2209,2.209,1.3195554713333257
2210,2.21,1.156922378087507
2211,2.211,1.4947509435779152
2212,2.212,0.769488374375543
2213,2.213,1.7056469358617192
2214,2.214,1.618918899685549
2215,2.215,1.0367985970593123
2216,2.216,0.967741802790452
2217,2.217,0.9677369131959035
2218,2.218,0.9140506926547866
2219,2.219,0.8443778314242499
2220,2.22,0.8805027062792172
2221,2.221,0.5673324221586115
2222,2.222,0.8077034273398195
2223,2.223,0.5639544886064053
2224,2.224,0.15357022088929012
2225,2.225,0.642013574700743
2226,2.226,-0.25957682442745467
2227,2.227,0.02754030862419436
2228,2.228,0.25369361467326434
2229,2.229,-0.3434681655910512
2230,2.23,-0.12217027321498189
2231,2.231,-0.13858745224783467
2232,2.232,-0.6440991978748078
2233,2.233,-0.48958108730022276
2234,2.234,-0.593975128107617
2235,2.235,-0.788775000162206
2236,2.236,-0.005783603916904245
2237,2.237,-0.99481948513258
2238,2.238,-0.5303532765609301
2239,2.239,-1.011743414680012
2240,2.24,-1.277882600975308
2241,2.241,-0.9747558487427544
2242,2.242,-0.8601126618536818
2243,2.243,-0.8232841904675194
2244,2.244,-0.6705452207828693
2245,2.245,-0.2904777358046232
2246,2.246,-1.128624221267975
2247,2.247,-1.4272072462232994
2248,2.248,-1.1115808407504995
2249,2.249,-1.3410355354277608
2250,2.25,-0.9915925693928369
2251,2.251,-1.6611570790974735
2252,2.2520000000000002,-0.5584952165312285
2253,2.253,-1.0034948009907736
2254,2.254,-1.7511292891830377
2255,2.255,-1.4385562178510216
2256,2.2560000000000002,-0.9552548970528902
2257,2.257,-0.8157477101445203
2258,2.258,-1.5132781297493867
2259,2.259,-0.8750996121357277
2260,2.2600000000000002,-1.6251310767886231
2261,2.261,-1.0142655320589036
2262,2.262,-0.595108880582113
2263,2.263,-1.0302825957771349
2264,2.2640000000000002,-1.2479959883100142
2265,2.265,-0.6782875532518962
2266,2.266,-0.8251111426357701
2267,2.267,-0.37186610337762643
2268,2.2680000000000002,-0.7390620149612679
2269,2.269,-0.61388902069444
2270,2.27,-0.8931597745023246
2271,2.271,-0.13700011845132845
2272,2.2720000000000002,-0.1339904508111171
2273,2.273,-0.336839358072856
2274,2.274,0.18607235082685927
2275,2.275,0.5468939725334461
2276,2.2760000000000002,0.2872391840540913
2277,2.277,0.547498085488064
2278,2.278,0.6658797247837035
2279,2.279,0.34081765247646756
2280,2.2800000000000002,1.438401186526841
2281,2.281,0.8002402140630815
2282,2.282,1.2588394522963313
2283,2.283,1.4133945977042957
2284,2.2840000000000003,1.261167596093043
2285,2.285,1.6049655333407646
2286,2.286,1.6156928669315895
2287,2.287,1.2344901445480914
2288,2.2880000000000003,1.6764281124455698
2289,2.289,1.7068465984046572
2290,2.29,1.8644498027989482
2291,2.291,1.7216838488848807
2292,2.2920000000000003,2.5579730576599933
2293,2.293,2.8047491356602112
2294,2.294,2.7183223788260413
2295,2.295,2.9032324139885684
2296,2.2960000000000003,2.5119472587010003
2297,2.297,2.5135769648423465
2298,2.298,2.5555980384134918
2299,2.299,3.062481200653052
2300,2.3000000000000003,3.012611990587975
2301,2.301,2.991491471348898
2302,2.302,3.468104883219379
2303,2.303,3.260501047060198
2304,2.3040000000000003,2.941269477555885
2305,2.305,3.0366816550514586
2306,2.306,3.487745085552825
2307,2.307,3.63184752136772
2308,2.308,3.5148996445381444
2309,2.309,3.942334368157554
2310,2.31,3.8813808647646257
2311,2.311,3.534491613838671
2312,2.312,3.1555703521912775
2313,2.313,3.0127619676883284
2314,2.314,3.281813926901178
2315,2.315,3.609943958261994
2316,2.316,3.911649496175491
2317,2.317,3.4623495501208366
2318,2.318,3.6550553432963193
2319,2.319,3.192128195796459
2320,2.32,3.407905063304194
2321,2.321,3.4176371382960316
2322,2.322,2.5206558393745704
2323,2.323,2.928917179235683
2324,2.324,3.2709622010431336
2325,2.325,2.996377281324308
2326,2.326,2.4781556144627146
2327,2.327,2.0264563659650996
2328,2.328,2.5596853962470703
2329,2.329,2.557660353932832
2330,2.33,2.2197233884972367
2331,2.331,2.4299063686954594
2332,2.332,2.4375724968714247
2333,2.333,2.3824208258020776
2334,2.334,1.3671756532836552
2335,2.335,1.5698840312411164
2336,2.336,1.760792039439727
2337,2.337,1.9099459610785392
2338,2.338,1.7696046353385801
2339,2.339,1.6476838136679286
2340,2.34,1.2734590742432725
2341,2.341,1.1719560067445
2342,2.342,0.9332360059464875
2343,2.343,1.263735652148663
2344,2.344,0.6390525038937966
2345,2.345,1.05283363364044
2346,2.346,0.7438234173928245
2347,2.347,0.5529348991946197
2348,2.348,0.2560615583732223
2349,2.349,-0.06501248914838226
2350,2.35,0.038174752289719616
2351,2.351,0.026822288248729967
2352,2.352,-0.6887166399929413
2353,2.353,-0.13796745374715516
2354,2.354,0.10113602482403322
2355,2.355,-0.09982685515385828
2356,2.356,-0.5088497322559198
2357,2.357,-0.43185401737397866
2358,2.358,-0.6944720744750996
2359,2.359,-0.5602265487383573
2360,2.36,-0.21541643398020233
2361,2.361,-0.4546875263730275
2362,2.362,-0.6518292369132725
2363,2.363,-1.013668493062056
2364,2.364,-0.6933411523139588
2365,2.365,-1.4715847463935583
2366,2.366,-1.0830175834158493
2367,2.367,-0.8685069564471142
2368,2.368,-0.8522665475788476
2369,2.369,-0.8986251967031198
2370,2.37,-1.030742185738845
2371,2.371,-1.1919077098321949
2372,2.372,-0.980205518339788
2373,2.373,-1.4303016549594614
2374,2.374,-1.3951723293790745
2375,2.375,-1.1151150616000873
2376,2.376,-1.068158308749177
2377,2.3770000000000002,-1.6489906515783572
2378,2.378,-0.9407623851592936
2379,2.379,-0.8164193900302033
2380,2.38,-1.037420029549157
2381,2.3810000000000002,-0.263102935249955
2382,2.382,-1.1369031015893736
2383,2.383,-0.9924715395983427
2384,2.384,-0.9505144854968194
2385,2.3850000000000002,-0.7986198104123031
2386,2.386,-0.8142741000375996
2387,2.387,-1.073930179478829
2388,2.388,-0.7486408276199739
2389,2.3890000000000002,-0.5435402865018889
2390,2.39,-0.07228496966654913
2391,2.391,0.2959466558362307
2392,2.392,0.1145312253619627
2393,2.3930000000000002,-0.4378762054320773
2394,2.394,-0.3311794322793221
2395,2.395,-0.08568989078882089
2396,2.396,0.5834808654960146
2397,2.3970000000000002,0.0856888668655254
2398,2.398,-0.17479588911874266
2399,2.399,0.16192070323542535
2400,2.4,0.6286267965935226
2401,2.4010000000000002,0.6978908143222737
2402,2.402,0.5201522422397364
2403,2.403,0.8742111887937947
2404,2.404,0.07562179686481052
2405,2.4050000000000002,0.8762876975505296
2406,2.406,1.18985679015602
2407,2.407,0.7670261382507696
2408,2.408,0.849721830320428
2409,2.4090000000000003,0.6227223841690038
2410,2.41,1.7397538177752434
2411,2.411,1.1247712239408156
2412,2.412,1.4888856480937094
2413,2.4130000000000003,1.6710553675739301
2414,2.414,2.0142007417407743
2415,2.415,1.5823549842081333
2416,2.416,1.5317460551438526
2417,2.4170000000000003,1.8075273470375286
2418,2.418,2.199731291517091
2419,2.419,1.8191226645313494
2420,2.42,1.6360593354505224
2421,2.4210000000000003,1.509240637932128
2422,2.422,1.6505653933533169
2423,2.423,2.318246386365632
2424,2.424,2.001165147171636
2425,2.4250000000000003,1.9499429681349427
2426,2.426,1.9486653179591304
2427,2.427,2.2166334226010775
2428,2.428,2.14336562748326
2429,2.4290000000000003,2.1537853652154584
2430,2.43,2.6575188271363532
2431,2.431,2.727641425685254
2432,2.432,1.7933183102414083
2433,2.433,2.3813296594490465
2434,2.434,2.0534341805749374
2435,2.435,2.2122569032982176
2436,2.436,2.3766469766678067
2437,2.437,2.2141721357361774
2438,2.438,2.3383535124122927
2439,2.439,2.4595533480116103
2440,2.44,2.331824427942517
2441,2.441,2.0326609565314344
2442,2.442,2.018818077519171
2443,2.443,1.7542770809052186
2444,2.444,1.9065108343961195
2445,2.445,2.725839511349924
2446,2.446,1.8723327882328695
2447,2.447,1.7229688106225765
2448,2.448,2.146495439765567
2449,2.449,1.9855812878362356
2450,2.45,1.9269783845324633
2451,2.451,2.374280167409541
2452,2.452,2.081309905731959
2453,2.453,1.721824301384642
2454,2.454,1.7171212094914223
2455,2.455,1.6568650771729927
2456,2.456,2.032915305803199
2457,2.457,1.640712803487289
2458,2.458,1.1578172766571577
2459,2.459,1.6439423476760207
2460,2.46,1.160194585830808
2461,2.461,2.2397394068938477
2462,2.462,1.2583494738427472
2463,2.463,1.4635831229409992
2464,2.464,1.5543033663030974
2465,2.465,1.3556392055470836
2466,2.466,1.3213949541497403
2467,2.467,1.5019643565927792
2468,2.468,1.801201086041989
2469,2.469,1.5424724014675222
2470,2.47,1.7256674613601126
2471,2.471,0.9390701409303823
2472,2.472,1.3202866153443973
2473,2.473,1.2447751286196953
2474,2.474,1.277767687698064
2475,2.475,1.5606702528186123
2476,2.476,1.0580435818250795
2477,2.477,0.9802184511044338
2478,2.478,1.2407449226975373
2479,2.479,0.5268385005766558
2480,2.48,0.9700280695967638
2481,2.481,0.9826061012112822
2482,2.482,0.7294921934063856
2483,2.483,1.3063538260994205
2484,2.484,0.6550461183345558
2485,2.485,0.9182227848964339
2486,2.486,1.0329167273610018
2487,2.487,1.3376380493544355
2488,2.488,0.9156429204902671
2489,2.489,1.1873603497739635
2490,2.49,1.1048147031328208
2491,2.491,0.9201306740753454
2492,2.492,0.5449487632036951
2493,2.493,0.43030548521559114
2494,2.494,0.8815909639776831
2495,2.495,0.6757876861811883
2496,2.496,1.1032461074363569
2497,2.497,1.0399264320293784
2498,2.498,0.7492373453712714
2499,2.499,0.44542851875181694
2500,2.5,0.9336793535380286
2501,2.501,0.4623120019022216
2502,2.5020000000000002,0.5268488346582213
2503,2.503,0.44664301307796533
2504,2.504,0.6843260239826154
2505,2.505,1.0616170733249175
2506,2.5060000000000002,0.6929558378050065
2507,2.507,0.5445941886990795
2508,2.508,0.20211368700172505
2509,2.509,0.8067910242499361
2510,2.5100000000000002,0.3874823422600654
2511,2.511,0.6363884577669172
2512,2.512,0.47346871768324017
2513,2.513,0.8088603119033155
2514,2.5140000000000002,0.48698869093904584
2515,2.515,0.4923296804117827
2516,2.516,0.6306991890945848
2517,2.517,1.0911761057996474
2518,2.5180000000000002,0.698938853534366
2519,2.519,0.3783736081915658
2520,2.52,0.3777616423206018
2521,2.521,0.19055139480194483
2522,2.5220000000000002,0.033649416349068706
2523,2.523,0.12297289161645814
2524,2.524,0.026900973991555416
2525,2.525,0.42399462448283154
2526,2.5260000000000002,-0.1241449896004918
2527,2.527,0.5663031758630852
2528,2.528,0.36108978741878883
2529,2.529,0.11088917315789276
2530,2.5300000000000002,0.07434651779024055
2531,2.531,-0.12304460039912235
2532,2.532,0.09556161326351575
2533,2.533,0.3120026625123852
2534,2.5340000000000003,-0.2535538816158275
2535,2.535,-0.529887298193219
2536,2.536,0.11489351516765572
2537,2.537,-0.02376168553766493
2538,2.5380000000000003,-0.4807851377115149
2539,2.539,-0.38690897429047
2540,2.54,-0.4451594337575298
2541,2.541,-0.4235550261849619
2542,2.5420000000000003,-0.32016033664239124
2543,2.543,-0.3178381643654302
2544,2.544,-0.4457577940003168
2545,2.545,-0.4883151025998925
2546,2.5460000000000003,-0.3374263004253366
2547,2.547,-0.22387123184435398
2548,2.548,-0.3718081435302473
2549,2.549,0.07069060643021069
2550,2.5500000000000003,-0.12162786114940699
2551,2.551,-0.7455195742362539
2552,2.552,-0.10234734559489181
2553,2.553,-0.0659209761818596
2554,2.5540000000000003,-0.36298189058832486
2555,2.555,-0.6629068797268778
2556,2.556,-0.19048357527339577
2557,2.557,-0.17051379726017113
2558,2.5580000000000003,-0.4767174157826436
2559,2.559,-0.5443312048877347
2560,2.56,-0.10069970024519916
2561,2.561,-0.10657021561732281
2562,2.562,-0.1208166031717734
2563,2.563,0.023529541760772616
2564,2.564,-0.23496709815407518
2565,2.565,0.015786936858928347
2566,2.566,0.3595705088563742
2567,2.567,0.15080015696825633
2568,2.568,-0.18681082841176716
2569,2.569,0.23461543453660555
2570,2.57,0.1195390586570455
2571,2.571,0.5872691816717438
2572,2.572,0.6715448088753486
2573,2.573,0.1490842822376442
2574,2.574,0.9471248235868577
2575,2.575,0.46016353998292076
2576,2.576,1.3374700657167202
2577,2.577,0.9322698179316762
2578,2.578,0.6512485509552466
2579,2.579,0.7616884050958606
2580,2.58,1.288453894284735
2581,2.581,1.1467629088726665
2582,2.582,1.3154278398329668
2583,2.583,1.9084246877497262
2584,2.584,1.2946270009695637
2585,2.585,1.601585668285361
2586,2.586,2.087875049723527
2587,2.587,1.8202684571009002
2588,2.588,1.332932743204108
2589,2.589,2.040674494199409
2590,2.59,1.6123858241188462
2591,2.591,2.4533839655835363
2592,2.592,1.8521068837601056
2593,2.593,3.0547639788501715
2594,2.594,2.6661391731165422
2595,2.595,2.045787584779425
2596,2.596,2.346215229716789
2597,2.597,2.618111385788562
2598,2.598,2.6750714692031963
2599,2.599,2.616567863497621
2600,2.6,2.8991471575954657
2601,2.601,2.5217913792801077
2602,2.602,2.4792226776864563
2603,2.603,2.5109436992592227
2604,2.604,2.8933377875179276
2605,2.605,2.761124055733904
2606,2.606,2.749497422621343
2607,2.607,2.9059167430091666
2608,2.608,2.0518651952622062
2609,2.609,2.754561394796169
2610,2.61,2.7159385004848065
2611,2.611,3.134263680756179
2612,2.612,2.1527012542064545
2613,2.613,3.050487478264049
2614,2.614,2.5724180645086547
2615,2.615,2.6573968116464837
2616,2.616,2.9688701425901187
2617,2.617,2.5842748927969668
2618,2.618,2.4807523457193033
2619,2.619,2.372672063607218
2620,2.62,2.0891539000040154
2621,2.621,2.154873199034596
2622,2.622,1.8731564576201511
2623,2.623,1.9941733769435745
2624,2.624,1.2220321037785675
2625,2.625,1.9625340210498952
2626,2.626,1.70427887418161
2627,2.6270000000000002,1.5431232029718571
2628,2.628,1.6095562703220299
2629,2.629,1.0099321522106997
2630,2.63,1.912163557663245
2631,2.6310000000000002,1.1932353184827214
2632,2.632,1.068601379521584
2633,2.633,0.7089459757209415
2634,2.634,0.8902041492487824
2635,2.6350000000000002,1.182141608433
2636,2.636,0.9587800718369187
2637,2.637,0.7855527327100604
2638,2.638,0.5739735958609112
2639,2.6390000000000002,0.1832956941552144
2640,2.64,-0.2630552886617758
2641,2.641,-0.0064917593428140755
2642,2.642,-0.13406351491647395
2643,2.6430000000000002,0.13562628153982398
2644,2.644,-0.2001347162106502
2645,2.645,0.07892703940410895
2646,2.646,-0.15485851781169613
2647,2.6470000000000002,-0.7575714202213846
2648,2.648,-1.2625198470221415
2649,2.649,-0.4081772378298343
2650,2.65,-0.5120921561767413
2651,2.6510000000000002,-1.4217074325022496
2652,2.652,-0.6465870344992396
2653,2.653,-1.0675308645871602
2654,2.654,-1.2117858198057567
2655,2.6550000000000002,-0.8481415739594422
2656,2.656,-0.9962723836584819
2657,2.657,-1.2656694628365055
2658,2.658,-1.374574305367513
2659,2.6590000000000003,-1.3809802410715661
2660,2.66,-1.728990731443952
2661,2.661,-1.6621417974434056
2662,2.662,-1.9463744815093076
2663,2.6630000000000003,-1.7989773436368468
2664,2.664,-1.8256690089263536
2665,2.665,-1.9160421924074322
2666,2.666,-1.687309650828439
2667,2.6670000000000003,-1.8214974587100687
2668,2.668,-1.5626867855807691
2669,2.669,-2.1822122353085813
2670,2.67,-1.7048293324807378
2671,2.6710000000000003,-1.5998780346748473
2672,2.672,-1.6943550603900237
2673,2.673,-1.6081196827401225
2674,2.674,-1.9807568620698621
2675,2.6750000000000003,-1.3407212339175019
2676,2.676,-1.1897398328517603
2677,2.677,-1.1663903107824514
2678,2.678,-0.9275527595856055
2679,2.6790000000000003,-1.0979573773176352
2680,2.68,-0.92883866763531
2681,2.681,-0.9346974181997627
2682,2.682,-0.6796866153970353
2683,2.6830000000000003,-1.259200535361386
2684,2.684,-0.9501607721827634
2685,2.685,-0.09838316998513963
2686,2.686,-1.201612106495153
2687,2.6870000000000003,-0.39158679745378056
2688,2.688,0.11870027023860946
2689,2.689,-0.1421886227351672
2690,2.69,-0.11511244998314711
2691,2.691,0.16724994427769185
2692,2.692,0.14554720300720286
2693,2.693,0.38441668392668865
2694,2.694,0.2940333026985471
2695,2.695,0.955329655178255
2696,2.696,1.17276689993358
2697,2.697,0.8277983451525046
2698,2.698,0.5724546095306497
2699,2.699,0.9499864124538018
2700,2.7,1.168431880918606
2701,2.701,1.4891363698083078
2702,2.702,1.145888032119794
2703,2.703,1.3249549722505989
2704,2.704,1.8125465297035424
2705,2.705,2.0405306191725554
2706,2.706,1.6674273729598919
2707,2.707,1.5441948540514088
2708,2.708,3.0145455114791506
2709,2.709,2.3440526223613345
2710,2.71,2.103035893788403
2711,2.711,2.511988207293867
2712,2.712,2.27591105517831
2713,2.713,2.6289734104181743
2714,2.714,2.465634505641851
2715,2.715,2.4874249154276296
2716,2.716,2.4612793844016556
2717,2.717,2.0894042136866724
2718,2.718,3.126159643306649
2719,2.719,2.2761492202847338
2720,2.72,2.1571882517898775
2721,2.721,2.500597541468731
2722,2.722,2.2679396014733366
2723,2.723,2.5254743318028985
2724,2.724,2.7246463603320747
2725,2.725,2.7870243523859353
2726,2.726,2.695845847612333
2727,2.727,2.315720799610316
2728,2.728,2.37139992003643
2729,2.729,2.4212870768181864
2730,2.73,1.7074608261968764
2731,2.731,2.3355247259214935
2732,2.732,1.6506177506613513
2733,2.733,2.6175238462912978
2734,2.734,1.7960998619580142
2735,2.735,1.7687356607636422
2736,2.736,1.4950443967899831
2737,2.737,1.4340605307708985
2738,2.738,2.1980494851397254
2739,2.739,1.6867300115934152
2740,2.74,0.8250504324912531
2741,2.741,1.6230403715902664
2742,2.742,1.4088777560404058
2743,2.743,0.8432328338446302
2744,2.744,0.8942681334197965
2745,2.745,0.6708243035346114
2746,2.746,1.1389365387122348
2747,2.747,0.17936178493526855
2748,2.748,0.332796853774514
2749,2.749,0.03138196081646208
2750,2.75,-0.39873939277388126
2751,2.751,0.5609531160903707
2752,2.7520000000000002,-0.5773544378548113
2753,2.753,-0.2814082575069638
2754,2.754,-0.9920237346517162
2755,2.755,-0.7093003156117289
2756,2.7560000000000002,-0.5797571641098027
2757,2.757,-1.0671539915895896
2758,2.758,-0.7533224417542448
2759,2.759,-1.1155865090992378
2760,2.7600000000000002,-0.7878955031983612
2761,2.761,-0.8236411783494477
2762,2.762,-1.4993298873299628
2763,2.763,-1.386013653912828
2764,2.7640000000000002,-1.434035140339849
2765,2.765,-1.3773556775332083
2766,2.766,-1.6267468112058001
2767,2.767,-1.635492901287176
2768,2.7680000000000002,-1.8204706623606792
2769,2.769,-1.7609935938436592
2770,2.77,-1.447374407394165
2771,2.771,-1.6770699870734795
2772,2.7720000000000002,-1.6875020048988822
2773,2.773,-1.7007087382547303
2774,2.774,-1.976237920974558
2775,2.775,-1.839598776197022
2776,2.7760000000000002,-2.2586335886998574
2777,2.777,-1.542978629368669
2778,2.778,-2.7418001102893026
2779,2.779,-1.9091706762244194
2780,2.7800000000000002,-1.5097906590784476
2781,2.781,-2.2232923708387315
2782,2.782,-1.6494536367941337
2783,2.783,-1.922223287526406
2784,2.7840000000000003,-1.770779842223074
2785,2.785,-1.3122534421627625
2786,2.786,-1.4664996714340806
2787,2.787,-2.060341859629355
2788,2.7880000000000003,-1.6615911264146375
2789,2.789,-0.9894923624290031
2790,2.79,-1.0559499184269856
2791,2.791,-0.5701669947368949
2792,2.7920000000000003,-0.48956419403889373
2793,2.793,-0.9929134457768418
2794,2.794,-0.031648322651261274
2795,2.795,-0.6645332082436827
2796,2.7960000000000003,-0.8472025308437267
2797,2.797,-0.6326849607784603
2798,2.798,-1.0018741405661744
2799,2.799,0.2765002368982834
2800,2.8000000000000003,0.3931715036645531
2801,2.801,-0.26888467066286065
2802,2.802,0.08868027179822344
2803,2.803,0.30683567221404173
2804,2.8040000000000003,0.11056259340383862
2805,2.805,-0.008360037010888055
2806,2.806,0.5731357702366346
2807,2.807,0.6561507130159877
2808,2.8080000000000003,0.749936794778352
2809,2.809,1.0446177550092228
2810,2.81,1.5149709702986005
2811,2.811,1.1000914918878046
2812,2.8120000000000003,1.3432830343212454
2813,2.813,1.6072161769867293
2814,2.814,1.647938444155257
2815,2.815,1.3851215679080389
2816,2.816,1.681020490985217
2817,2.817,1.8936441596338527
2818,2.818,1.4624965039076314
2819,2.819,2.2457759452723667
2820,2.82,2.355763624790221
2821,2.821,1.7626743404962602
2822,2.822,2.0842893280480355
2823,2.823,2.2588417321486824
2824,2.824,1.9355879607515611
2825,2.825,2.2698911658500496
2826,2.826,2.1934393813512187
2827,2.827,1.7159872893604393
2828,2.828,2.2988027046903325
2829,2.829,1.82846559173263
2830,2.83,2.430480342129166
2831,2.831,1.9303429741669385
2832,2.832,2.0591252168297935
2833,2.833,2.4878823258006517
2834,2.834,2.1867728468633603
2835,2.835,1.6687591792894307
2836,2.836,1.636086415909229
2837,2.837,1.7021031519351384
2838,2.838,1.9351691509677336
2839,2.839,1.8528944847143578
2840,2.84,1.415066335562883
2841,2.841,1.2346268081905665
2842,2.842,1.5805119391538967
2843,2.843,1.3474526236374078
2844,2.844,1.9501637967584382
2845,2.845,1.2102867452360098
2846,2.846,1.6355242329057846
2847,2.847,0.6280432732742225
2848,2.848,0.39141487690864185
2849,2.849,0.40823819549388496
2850,2.85,0.9789160782411526
2851,2.851,1.0243218292168914
2852,2.852,0.13593215393186628
2853,2.853,0.10367687715481869
2854,2.854,-0.2390304793548358
2855,2.855,-0.5630608462398232
2856,2.856,0.06406808702867461
2857,2.857,-0.21669288960067698
2858,2.858,-0.41245677008825143
2859,2.859,-0.9670902223438955
2860,2.86,-0.18563049739034237
2861,2.861,-0.9578553296915625
2862,2.862,-0.77429558258107
2863,2.863,-1.4962159615720574
2864,2.864,-1.2400301556307114
2865,2.865,-1.2156874491030951
2866,2.866,-1.322057629654394
2867,2.867,-1.4873814042838012
2868,2.868,-1.4952045545455712
2869,2.869,-2.0883795585257774
2870,2.87,-1.791251702834219
2871,2.871,-1.912870142585407
2872,2.872,-1.9690550691584638
2873,2.873,-2.1031861191443593
2874,2.874,-2.5877246766352613
2875,2.875,-2.6762929253974392
2876,2.876,-3.014547496825175
2877,2.8770000000000002,-2.168262256107507
2878,2.878,-2.2222612806114554
2879,2.879,-2.2681681192485894
2880,2.88,-2.473387900977459
2881,2.8810000000000002,-3.242967718859234
2882,2.882,-2.9419861986955955
2883,2.883,-2.607062598834209
2884,2.884,-2.6349785411407134
2885,2.8850000000000002,-2.7531175398178225
2886,2.886,-2.5794896458183647
2887,2.887,-2.6837739567997505
2888,2.888,-2.6414161928498414
2889,2.8890000000000002,-2.8530779202412155
2890,2.89,-2.3438783737987374
2891,2.891,-2.738347014371524
2892,2.892,-2.9725712428578683
2893,2.8930000000000002,-2.76269889386251
2894,2.894,-2.587875357224066
2895,2.895,-2.1311533428912357
2896,2.896,-2.3823204841874377
2897,2.8970000000000002,-2.360237960801456
2898,2.898,-2.608428400267928
2899,2.899,-1.9225318064371426
2900,2.9,-2.273262728015142
2901,2.9010000000000002,-2.022593424632805
2902,2.902,-1.4591111841175075
2903,2.903,-1.6570672415357581
2904,2.904,-2.200937269075075
2905,2.9050000000000002,-2.1426078149199865
2906,2.906,-1.5271722916024688
2907,2.907,-1.764965010316361
2908,2.908,-1.097295970555435
2909,2.9090000000000003,-1.1676707153615205
2910,2.91,-1.0173190316760778
2911,2.911,-1.1639629118207901
2912,2.912,-0.3132782890417485
2913,2.9130000000000003,0.1342552887953974
2914,2.914,-0.6843316461326938
2915,2.915,-0.3768086611472301
2916,2.916,-0.3355150818934335
2917,2.9170000000000003,-0.32504374457833785
2918,2.918,-0.3798518737327269
2919,2.919,-0.3398232436218258
2920,2.92,-0.2404311133654114
2921,2.9210000000000003,0.33478242867269686
2922,2.922,0.16835738212603382
2923,2.923,-0.3403785282792688
2924,2.924,0.672938582839423
2925,2.9250000000000003,0.6316278188417865
2926,2.926,1.1477274450274861
2927,2.927,0.9530272578032369
2928,2.928,0.4913615000753134
2929,2.9290000000000003,0.35621557137923265
2930,2.93,0.8954996484637701
2931,2.931,1.0058980224921048
2932,2.932,1.5541440271969789
2933,2.9330000000000003,1.3418023036007574
2934,2.934,1.753176321615057
2935,2.935,1.079416149261784
2936,2.936,1.8252968749826077
2937,2.9370000000000003,1.8058001176964074
2938,2.938,1.0326465276468513
2939,2.939,2.0782505546149506
2940,2.94,1.7475079646665845
2941,2.9410000000000003,1.8696817177227478
2942,2.942,1.5197403672239798
2943,2.943,2.1834312759188284
2944,2.944,1.4612348077128579
2945,2.945,2.0772288482640624
2946,2.946,2.0788772754802243
2947,2.947,1.540040680876577
2948,2.948,2.421433101963461
2949,2.949,1.8845888860422206
2950,2.95,1.9946441199035543
2951,2.951,1.318392381761126
2952,2.952,2.3846875760601223
2953,2.953,1.349721870130198
2954,2.954,1.9872593785383885
2955,2.955,1.3391647507259798
2956,2.956,1.4049250091280507
2957,2.957,1.775629627212114
2958,2.958,1.7911502640068386
2959,2.959,1.041030949863307
2960,2.96,1.6848999184907394
2961,2.961,1.6025717988917056
2962,2.962,0.9351624338622864
2963,2.963,1.619945528905705
2964,2.964,0.6236152537415902
2965,2.965,0.7902724716910143
2966,2.966,1.035343936516433
2967,2.967,0.5466204848946636
2968,2.968,0.7901965572244102
2969,2.969,0.6892555533350577
2970,2.97,0.46442473423648434
2971,2.971,0.6718270399401116
2972,2.972,0.25331900647525885
2973,2.973,0.2893865983276245
2974,2.974,0.4605564618378231
2975,2.975,0.2493221727436697
2976,2.976,0.14245072406634227
2977,2.977,-0.5443348983889618
2978,2.978,-0.14891023410050072
2979,2.979,-0.6769911927893053
2980,2.98,-0.9050741572199779
2981,2.981,-0.6492744932015182
2982,2.982,-1.0058617781952548
2983,2.983,-0.6036921172736955
2984,2.984,-0.7021137731208085
2985,2.985,-1.6219548547612026
2986,2.986,-1.4032526805417747
2987,2.987,-1.6950062096882759
2988,2.988,-1.4966961212332481
2989,2.989,-1.3205408392208442
2990,2.99,-1.6271404542895302
2991,2.991,-1.8267469737311262
2992,2.992,-1.3529719223564542
2993,2.993,-2.5253696109324597
2994,2.994,-1.5512675264656968
2995,2.995,-2.17141434677267
2996,2.996,-2.114600585179926
2997,2.997,-2.3295234818831743
2998,2.998,-1.785572839388392
2999,2.999,-2.691713822501167
3000,3.0,-2.3896210894009213
3001,3.001,-2.3022639393016155
3002,3.0020000000000002,-3.0076794283459436
3003,3.003,-2.860665055791141
3004,3.004,-2.6858112704953268
3005,3.005,-2.9602823590384424
3006,3.0060000000000002,-2.9880732899938742
3007,3.007,-2.893586805077617
3008,3.008,-2.635043596301144
3009,3.009,-2.9700263094757324
3010,3.0100000000000002,-2.576931181616379
3011,3.011,-3.2289484489427824
3012,3.012,-3.3302396275740733
3013,3.013,-2.397653479031722
3014,3.0140000000000002,-3.189670342631154
3015,3.015,-3.3981000521618108
3016,3.016,-3.535796731973678
3017,3.017,-2.694813663820114
3018,3.0180000000000002,-3.1197163997219755
3019,3.019,-3.089247252991093
3020,3.02,-3.052552378622015
3021,3.021,-2.6884405888191627
3022,3.0220000000000002,-3.029620315059784
3023,3.023,-2.251928126957648
3024,3.024,-2.890388972004714
3025,3.025,-2.583395865390725
3026,3.0260000000000002,-2.627872248236256
3027,3.027,-2.8440537044520395
3028,3.028,-2.9691182034225303
3029,3.029,-2.6496529224700516
3030,3.0300000000000002,-2.5488170807018333
3031,3.031,-2.82270395988911
3032,3.032,-2.5466779586711037
3033,3.033,-2.1680384537120156
3034,3.0340000000000003,-1.8570091861577134
3035,3.035,-2.1576593245837765
3036,3.036,-1.7881170338490278
3037,3.037,-2.4658506004779297
3038,3.0380000000000003,-1.9938111043972322
3039,3.039,-1.727531848910875
3040,3.04,-2.3202093634540657
3041,3.041,-2.1168577465437894
3042,3.0420000000000003,-1.3674748000318144
3043,3.043,-2.0969844178980517
3044,3.044,-2.120498373442097
3045,3.045,-1.1717226409630763
3046,3.0460000000000003,-1.1814599554135874
3047,3.047,-1.3198032729379996
3048,3.048,-1.3708495946144332
3049,3.049,-1.3953085420742235
3050,3.0500000000000003,-1.0848733404894797
3051,3.051,-0.6004916592135789
3052,3.052,-0.907288029347792
3053,3.053,-0.2328242759897713
3054,3.0540000000000003,-1.0561625777427666
3055,3.055,-0.6965512384852212
3056,3.056,-0.7066175237990955
3057,3.057,-0.8246690663166055
3058,3.0580000000000003,-0.45004086049673875
3059,3.059,-0.18465771627170668
3060,3.06,-0.05926917437012766
3061,3.061,0.5267856038237927
3062,3.0620000000000003,0.10585965235144451
3063,3.063,0.4009234597886552
3064,3.064,0.16338074998502317
3065,3.065,0.7327613764130101
3066,3.0660000000000003,1.03261095936753
3067,3.067,0.5538919027239041
3068,3.068,0.1758397599227609
3069,3.069,0.38547330030414306
3070,3.0700000000000003,0.708407533043737
3071,3.071,0.831556943441231
3072,3.072,0.9718202884231744
3073,3.073,0.9647839583737183
3074,3.074,0.8898455804155208
3075,3.075,0.7543619029926822
3076,3.076,1.1193383175395284
3077,3.077,1.605436963756925
3078,3.078,1.4009028273829889
3079,3.079,1.2972365368286936
3080,3.08,1.483399543629531
3081,3.081,1.0966104686777625
3082,3.082,1.0844475646423923
3083,3.083,1.0370957158990801
3084,3.084,1.2437742717849227
3085,3.085,1.1700395161805075
3086,3.086,1.6696931532121781
3087,3.087,1.1704175036470814
3088,3.088,1.0731918749346034
3089,3.089,1.8929311858691484
3090,3.09,1.1660268229331467
3091,3.091,1.3338973486416648
3092,3.092,1.404750049923003
3093,3.093,0.9049822555393381
3094,3.094,1.5884133651840182
3095,3.095,1.3758524238779197
3096,3.096,1.6143911962841844
3097,3.097,0.9005308938725556
3098,3.098,1.0867813344466324
3099,3.099,1.0169945457908234
3100,3.1,1.0279811309041849
3101,3.101,0.45163480550491686
3102,3.102,0.8561588183334511
3103,3.103,0.32565824171167496
3104,3.104,0.7877152929318095
3105,3.105,-0.035696245429750584
3106,3.106,-0.03368067261911911
3107,3.107,0.6826278747702508
3108,3.108,0.18481767877291916
3109,3.109,-0.03896786828889959
3110,3.11,0.5440631619241735
3111,3.111,0.1636105665007691
3112,3.112,0.22675813205612794
3113,3.113,-0.18742849075684184
3114,3.114,0.5613672661204373
3115,3.115,-0.530895951675666
3116,3.116,0.0649612602767855
3117,3.117,-0.5872324257776819
3118,3.118,-1.176959782116695
3119,3.119,-0.6486395438102803
3120,3.12,-0.8128069273673738
3121,3.121,-1.3369749241732776
3122,3.122,-1.4129323157149856
3123,3.123,-1.2584515755990462
3124,3.124,-1.260721878257629
3125,3.125,-2.221017053107175
3126,3.126,-1.2773608889397123
3127,3.1270000000000002,-1.8541733561248475
3128,3.128,-2.216663350025428
3129,3.129,-1.6446657311363817
3130,3.13,-2.042194599861515
3131,3.1310000000000002,-1.7764085683093207
3132,3.132,-2.113799855940538
3133,3.133,-2.347102371304531
3134,3.134,-2.4912270876338303
3135,3.1350000000000002,-2.3964201975030526
3136,3.136,-2.7579599463326185
3137,3.137,-2.978961474630385
3138,3.138,-2.6259184445652313
3139,3.1390000000000002,-2.934149546305488
3140,3.14,-2.9586626086640777
3141,3.141,-2.7156830818240967
3142,3.142,-3.146085385151332
3143,3.1430000000000002,-3.172336267881112
3144,3.144,-3.4170125462803136
3145,3.145,-3.1633742562090563
3146,3.146,-3.238205782931931
3147,3.1470000000000002,-3.118443380946699
3148,3.148,-3.60279739537231
3149,3.149,-3.6015580146217783
3150,3.15,-3.2564209067886987
3151,3.1510000000000002,-3.4428797468977574
3152,3.152,-3.809474065978928
3153,3.153,-3.159256010130931
3154,3.154,-4.068898949640326
3155,3.1550000000000002,-3.3267414304301464
3156,3.156,-3.9387829691832215
3157,3.157,-2.9852269538547715
3158,3.158,-4.000675748968891
3159,3.1590000000000003,-3.17259188134428
3160,3.16,-3.5184324232716566
3161,3.161,-3.5743805466212275
3162,3.162,-3.374113655213854
3163,3.1630000000000003,-3.2004767629649447
3164,3.164,-3.6167819305772233
3165,3.165,-3.5408460085606435
3166,3.166,-3.047253999534183
3167,3.1670000000000003,-3.6958990009245647
3168,3.168,-3.2962291515900866
3169,3.169,-2.141902327603135
3170,3.17,-3.2737347598268673
3171,3.1710000000000003,-2.5644879575483426
3172,3.172,-3.0065980648815116
3173,3.173,-2.5967891340354643
3174,3.174,-2.4688197195196944
3175,3.1750000000000003,-2.2392329190882214
3176,3.176,-2.5482022964314774
3177,3.177,-1.7993289640411505
3178,3.178,-2.4785804803122433
3179,3.1790000000000003,-2.1354753443808665
3180,3.18,-2.0345611500966014
3181,3.181,-2.3458456087769504
3182,3.182,-1.9951059467603283
3183,3.1830000000000003,-1.7602292498581662
3184,3.184,-1.8371813601002354
3185,3.185,-0.873925319120618
3186,3.186,-1.756515192015913
3187,3.1870000000000003,-1.0501654671886715
3188,3.188,-1.046727552391932
3189,3.189,-1.2083706615098218
3190,3.19,-1.365457216459348
3191,3.1910000000000003,-1.23944713564111
3192,3.192,-1.0690826707476169
3193,3.193,-1.356029053564378
3194,3.194,-1.0300923626438971
3195,3.1950000000000003,-1.0849058583338875
3196,3.196,-0.15009882333193691
3197,3.197,-0.2848247078310313
3198,3.198,-0.15408307123049678
3199,3.1990000000000003,-0.13594353699233513
3200,3.2,-0.18861230044640967
3201,3.201,0.2698257014510979
3202,3.202,-0.2850125743374834
3203,3.203,-0.007069125206504767
3204,3.204,0.24374155735143324
3205,3.205,-0.322191009849467
3206,3.206,1.0534369772929428
3207,3.207,0.1789593816931328
3208,3.208,0.2544702884234314
3209,3.209,0.6259025416138035
3210,3.21,0.5557146291387313
3211,3.211,0.32041891784236487
3212,3.212,0.37114987205330513
3213,3.213,-0.10068637153155646
3214,3.214,0.1973948798097847
3215,3.215,0.528615057764853
3216,3.216,0.5111037554301552
3217,3.217,0.7441753877974411
3218,3.218,0.33702380643899155
3219,3.219,-0.0521385238439081
3220,3.22,0.6675438540172676
3221,3.221,0.7635246241363889
3222,3.222,0.5801441999185432
3223,3.223,0.2354696477043924
3224,3.224,0.5678078421846576
3225,3.225,1.2492792085027307
3226,3.226,0.2175964067719369
3227,3.227,-0.25153629569293634
3228,3.228,-0.07830939153505886
3229,3.229,0.23764451509013398
3230,3.23,-0.481994962472802
3231,3.231,-0.0030768453319947597
3232,3.232,0.004269414002880889
3233,3.233,0.2923864519978634
3234,3.234,0.16441558509453041
3235,3.235,-0.0317195931559468
3236,3.236,-1.004091443650446
3237,3.237,-0.14468315785264318
3238,3.238,-0.27635083767885277
3239,3.239,-0.479295878294032
3240,3.24,-1.1440621159144395
3241,3.241,-0.9275592072928353
3242,3.242,-1.1144947265675567
3243,3.243,-1.4390360968725204
3244,3.244,-0.9054363060136927
3245,3.245,-1.213659786630059
3246,3.246,-0.2559803985845288
3247,3.247,-1.16275882498271
3248,3.248,-0.7916464932397241
3249,3.249,-1.7170368782278196
3250,3.25,-1.4705641913607599
3251,3.251,-1.3462063815929222
3252,3.2520000000000002,-1.7097890930222408
3253,3.253,-1.6242276065594579
3254,3.254,-1.62117176050341
3255,3.255,-1.6820190031022864
3256,3.2560000000000002,-1.1090682555989884
3257,3.257,-1.6034563934796873
3258,3.258,-1.6218313739364467
3259,3.259,-1.6498755681541155
3260,3.2600000000000002,-1.671297233218126
3261,3.261,-1.9203999533930816
3262,3.262,-2.0292635369649794
3263,3.263,-1.917490918854295
3264,3.2640000000000002,-1.6519262381859519
3265,3.265,-1.689420501782886
3266,3.266,-2.124598260561678
3267,3.267,-1.8441560819149896
3268,3.2680000000000002,-2.151752347592545
3269,3.269,-2.098926412083287
3270,3.27,-2.263715568323796
3271,3.271,-2.1856126364040174
3272,3.2720000000000002,-1.735110930031341
3273,3.273,-2.1131568244785104
3274,3.274,-2.1007170556848562
3275,3.275,-2.5730049573778
3276,3.2760000000000002,-2.2263538771923965
3277,3.277,-2.198013555711814
3278,3.278,-2.363801354280105
3279,3.279,-2.0955113512483234
3280,3.2800000000000002,-2.2153529260642966
3281,3.281,-2.044950536347779
3282,3.282,-2.0127499100979938
3283,3.283,-2.3142226920102376
3284,3.2840000000000003,-2.123596436980689
3285,3.285,-1.955612663652343
3286,3.286,-1.5968843251770146
3287,3.287,-1.8471827915950132
3288,3.2880000000000003,-2.093647413543912
3289,3.289,-1.745249458438995
3290,3.29,-1.3217600872022173
3291,3.291,-1.5274523009017396
3292,3.2920000000000003,-1.6061881196532446
3293,3.293,-1.5204701791368491
3294,3.294,-1.2737579988623633
3295,3.295,-1.3507243297486093
3296,3.2960000000000003,-1.471297086183387
3297,3.297,-1.2890610058064573
3298,3.298,-1.9030608640892266
3299,3.299,-1.9989042524791019
3300,3.3000000000000003,-1.4716608758000103
3301,3.301,-1.4698129440339245
3302,3.302,-1.6264262505147016
3303,3.303,-1.1896850826906435
3304,3.3040000000000003,-1.9719744851515233
3305,3.305,-1.5508363891849386
3306,3.306,-1.5149154550092736
3307,3.307,-1.8411898098295938
3308,3.3080000000000003,-0.8846996795904127
3309,3.309,-1.7257419080678498
3310,3.31,-1.4814729689729924
3311,3.311,-1.021767466220455
3312,3.3120000000000003,-1.0918031969652966
3313,3.313,-1.6118430847126868
3314,3.314,-1.0707791097229609
3315,3.315,-1.187119075559889
3316,3.3160000000000003,-0.575086725426464
3317,3.317,-1.1571827141556346
3318,3.318,-1.3265282618812286
3319,3.319,-1.5493084914443078
3320,3.3200000000000003,-1.5262212560931254
3321,3.321,-1.5636233541572198
3322,3.322,-0.9198164533947577
3323,3.323,-1.343262079572068
3324,3.3240000000000003,-1.1987732951700494
3325,3.325,-0.9358786834853017
3326,3.326,-2.121522702398024
3327,3.327,-1.0560810109124974
3328,3.3280000000000003,-1.4507079203136346
3329,3.329,-1.3661066649342692
3330,3.33,-1.7760244103593548
3331,3.331,-1.7863809356896403
3332,3.332,-1.446850306214053
3333,3.333,-0.9129609385116211
3334,3.334,-1.3632073377205252
3335,3.335,-1.3212736661553246
3336,3.336,-1.7959664138475455
3337,3.337,-1.9564026208006235
3338,3.338,-2.0489276094452338
3339,3.339,-1.9997088032642658
3340,3.34,-2.5076214999316364
3341,3.341,-2.1476639780906837
3342,3.342,-2.1363574023398333
3343,3.343,-2.0584040653305165
3344,3.344,-2.0031187617252493
3345,3.345,-1.9698787291657975
3346,3.346,-2.118007337634615
3347,3.347,-2.3216486865142993
3348,3.348,-2.7685073592415694
3349,3.349,-2.3828055882552026
3350,3.35,-2.530926187590757
3351,3.351,-2.1264541347129926
3352,3.352,-2.018522233826408
3353,3.353,-2.0325746666364854
3354,3.354,-2.1075597937818205
3355,3.355,-2.3927312243779593
3356,3.356,-2.524690348790283
3357,3.357,-2.6049493662811845
3358,3.358,-2.842959022725002
3359,3.359,-2.100120570232909
3360,3.36,-2.454044168946233
3361,3.361,-2.7763944166611974
3362,3.362,-2.6481394383463286
3363,3.363,-2.654763716886823
3364,3.364,-2.3729767540792244
3365,3.365,-2.0535530526638412
3366,3.366,-2.462772107478105
3367,3.367,-3.015376967010806
3368,3.368,-2.374271615713819
3369,3.369,-2.3389461803870915
3370,3.37,-2.3308273227627336
3371,3.371,-2.419580335632153
3372,3.372,-2.1308750581172426
3373,3.373,-2.137861624916883
3374,3.374,-2.123652532962088
3375,3.375,-1.9478941628092938
3376,3.376,-2.153195767958992
3377,3.3770000000000002,-2.1199607095808264
3378,3.378,-1.5069810295974335
3379,3.379,-1.6976628327109815
3380,3.38,-1.5593899787851266
3381,3.3810000000000002,-1.3793436914701385
3382,3.382,-1.526943154873187
3383,3.383,-1.3417730094905354
3384,3.384,-2.0278381642044883
3385,3.3850000000000002,-1.4248928065639683
3386,3.386,-1.4716028208887304
3387,3.387,-0.8428654198332686
3388,3.388,-0.9961923647541548
3389,3.3890000000000002,-1.391069180284745
3390,3.39,-1.0168880078590639
3391,3.391,-1.0047642755268338
3392,3.392,-0.8448774747141437
3393,3.3930000000000002,-1.2129202847632148
3394,3.394,-0.7255541386356518
3395,3.395,-0.8287165768308148
3396,3.396,-0.6028890322459323
3397,3.3970000000000002,-0.8331528925664832
3398,3.398,-0.7206492145357162
3399,3.399,-0.12356740347478612
3400,3.4,-0.7232857758128421
3401,3.4010000000000002,-0.6349729472181235
3402,3.402,-0.2928778651142207
3403,3.403,-0.44686290658306854
3404,3.404,-0.4210307564695097
3405,3.4050000000000002,-0.06675271086574817
3406,3.406,-0.4952621013222758
3407,3.407,-0.2944909491126134
3408,3.408,0.6727013255694448
3409,3.4090000000000003,0.23966101889728825
3410,3.41,-0.08018904041243768
3411,3.411,0.30767539943441913
3412,3.412,0.38717382665866107
3413,3.4130000000000003,0.546269227353085
3414,3.414,0.23685871011050266
3415,3.415,0.5910006935196177
3416,3.416,-0.2945454166088274
3417,3.4170000000000003,0.014842114531833595
3418,3.418,0.3913801871353934
3419,3.419,0.4472726062596988
3420,3.42,0.07664479285812797
3421,3.4210000000000003,0.42540152720556784
3422,3.422,0.15339708841944755
3423,3.423,0.2460036962754908
3424,3.424,0.6206381238500751
3425,3.4250000000000003,0.5655903851948716
3426,3.426,-0.030888330047490697
3427,3.427,-0.07796615725809986
3428,3.428,0.08254946054794066
3429,3.4290000000000003,0.1603485253946663
3430,3.43,-0.07066933999468353
3431,3.431,0.39316753641723445
3432,3.432,0.13551468624185004
3433,3.4330000000000003,0.09960733624288856
3434,3.434,-0.4594108804215495
3435,3.435,0.2099261878008012
3436,3.436,-1.050559691646622
3437,3.4370000000000003,-0.021822337964111038
3438,3.438,-0.062393659682623004
3439,3.439,-0.5460015479344358
3440,3.44,-0.1107671240818684
3441,3.4410000000000003,-0.5905048077584619
3442,3.442,-0.6341618392872016
3443,3.443,-0.634526378300578
3444,3.444,0.13412465480866165
3445,3.4450000000000003,-0.5057353593946219
3446,3.446,-0.787479661672692
3447,3.447,-1.3617262285696228
3448,3.448,-1.1359591216435903
3449,3.4490000000000003,-1.5149797711609057
3450,3.45,-1.1170386659671503
3451,3.451,-1.4145500332045535
3452,3.452,-1.8872185533028578
3453,3.4530000000000003,-1.6186148233303161
3454,3.454,-1.990550592391181
3455,3.455,-1.7825823401944396
3456,3.456,-2.177108217306766
3457,3.457,-2.0015619620464737
3458,3.458,-1.873848208253916
3459,3.459,-2.2026190654470206
3460,3.46,-2.389997364510827
3461,3.461,-2.2958728901865393
3462,3.462,-2.2297128153153514
3463,3.463,-2.850716642378962
3464,3.464,-2.5175425839288454
3465,3.465,-2.27494691559148
3466,3.466,-2.569689260701895
3467,3.467,-2.792967949186279
3468,3.468,-2.683642774569838
3469,3.469,-2.801686793643628
3470,3.47,-2.769677780259791
3471,3.471,-3.6575687469268
3472,3.472,-3.5672337183357126
3473,3.473,-2.846609810092204
3474,3.474,-3.6424458128123693
3475,3.475,-3.109043972477555
3476,3.476,-3.369512739764787
3477,3.477,-3.5928152335376167
3478,3.478,-3.2147229723359523
3479,3.479,-3.2805076327350307
3480,3.48,-2.7244076561573696
3481,3.481,-3.557103369568344
3482,3.482,-2.9452083066381687
3483,3.483,-3.274513743059165
3484,3.484,-3.576961689753581
3485,3.485,-3.132719281257991
3486,3.486,-3.1920526564863194
3487,3.487,-3.335775245434043
3488,3.488,-3.24690750402443
3489,3.489,-3.4817252530793796
3490,3.49,-3.521825056264026
3491,3.491,-3.013414417790883
3492,3.492,-3.271366849224467
3493,3.493,-3.1870186083070453
3494,3.494,-3.033826793649638
3495,3.495,-2.9890462360723924
3496,3.496,-3.444487621171114
3497,3.497,-2.5731942204897043
3498,3.498,-2.8625521527478273
3499,3.499,-2.896137487619394
3500,3.5,-2.63926815711751
3501,3.501,-2.627640059259136
3502,3.5020000000000002,-2.3956257050930003
3503,3.503,-2.388718685001545
3504,3.504,-2.2565283845115336
3505,3.505,-1.9859282623492085
3506,3.5060000000000002,-2.0432398347687637
3507,3.507,-2.2715151659747717
3508,3.508,-2.473411241971668
3509,3.509,-1.547693701624756
3510,3.5100000000000002,-2.0293564300144507
3511,3.511,-2.0086876772327655
3512,3.512,-2.295396299381668
3513,3.513,-1.5795640056548272
3514,3.5140000000000002,-1.5424712240061231
3515,3.515,-1.9472053677844805
3516,3.516,-1.2619232728120642
3517,3.517,-1.4524963088851233
3518,3.5180000000000002,-0.40117265022511206
3519,3.519,-1.2845939906233383
3520,3.52,-1.1503450096831236
3521,3.521,-1.1888945274854668
3522,3.5220000000000002,-0.4506341508131306
3523,3.523,-0.8544103779139209
3524,3.524,-0.8698581893975925
3525,3.525,-0.3515062434881224
3526,3.5260000000000002,-0.8904823607558094
3527,3.527,-0.20336978929301655
3528,3.528,0.22708487184149528
3529,3.529,-0.05584805310768187
3530,3.5300000000000002,0.04482831102391968
3531,3.531,0.19140429014016358
3532,3.532,0.5177238490218841
3533,3.533,0.4395684990932188
3534,3.5340000000000003,0.2775260443001085
3535,3.535,0.4829322345217356
3536,3.536,0.00912462649259993
3537,3.537,0.5678267732601026
3538,3.5380000000000003,0.09009860409689657
3539,3.539,0.3351855117568002
3540,3.54,-0.4293350601209738
3541,3.541,0.6625401543217171
3542,3.5420000000000003,0.39209292007231966
3543,3.543,0.9581438059399465
3544,3.544,0.7777506369029668
3545,3.545,1.0301131919947109
3546,3.5460000000000003,0.39625568011290063
3547,3.547,1.0575266412045852
3548,3.548,1.398644807134945
3549,3.549,1.0131958454679475
3550,3.5500000000000003,1.034286900698545
3551,3.551,0.857466209125762
3552,3.552,0.6547667082069903
3553,3.553,1.0422933831288261
3554,3.5540000000000003,0.360086389297648
3555,3.555,0.6807940435043118
3556,3.556,0.26528002804668194
3557,3.557,0.5722841009948614
3558,3.5580000000000003,0.9591329406267258
3559,3.559,0.8976838325835174
3560,3.56,0.7373542983795973
3561,3.561,0.7457490123558701
3562,3.5620000000000003,0.0980242607592493
3563,3.563,0.5178544359522684
3564,3.564,0.38782548238584735
3565,3.565,0.35397859938765897
3566,3.5660000000000003,0.6879879626667018
3567,3.567,0.20343209133762813
3568,3.568,0.23080660141409265
3569,3.569,-0.2660174250124896
3570,3.5700000000000003,0.2171385327914293
3571,3.571,-0.07820604832409661
3572,3.572,0.21229535593573373
3573,3.573,-0.15866343624108176
3574,3.5740000000000003,0.09404062938364965
3575,3.575,-0.04671178389663445
3576,3.576,0.43046506440346943
3577,3.577,0.008457517689751254
3578,3.5780000000000003,-0.7637376695742797
3579,3.579,-0.663886113524088
3580,3.58,-0.34171954939035204
3581,3.581,-0.7122409525775185
3582,3.5820000000000003,-1.3997950369647085
3583,3.583,-0.181261740757874
3584,3.584,-0.4475915202754412
3585,3.585,-0.5854386559075098
3586,3.586,-1.0023888772578164
3587,3.587,-0.7705834435675156
3588,3.588,-1.188970272364844
3589,3.589,-0.9949089571288504
3590,3.59,-1.411020849269469
3591,3.591,-0.758062987783875
3592,3.592,-1.7615971130588994
3593,3.593,-0.9977407047686238
3594,3.594,-1.4318255636036674
3595,3.595,-1.665442798949166
3596,3.596,-1.5424872196026032
3597,3.597,-1.4453092810488515
3598,3.598,-1.3266149658217854
3599,3.599,-1.7124831988096214
3600,3.6,-2.1417487671605127
3601,3.601,-1.924159387828036
3602,3.602,-1.4601847672133208
3603,3.603,-1.6632341086856772
3604,3.604,-1.8550421084858966
3605,3.605,-1.9467997196940146
3606,3.606,-2.0310928654834806
3607,3.607,-1.9462015423985497
3608,3.608,-2.4810899005376745
3609,3.609,-2.7981733562978857
3610,3.61,-2.4156704583829582
3611,3.611,-2.7234574082558236
3612,3.612,-2.8335030070335003
3613,3.613,-2.7688169848883986
3614,3.614,-1.8397245503562227
3615,3.615,-2.5738469297469764
3616,3.616,-2.5321952616887438
3617,3.617,-3.0302208355739513
3618,3.618,-3.2359928253444963
3619,3.619,-2.9445039146283523
3620,3.62,-2.279778851996271
3621,3.621,-2.619900897847068
3622,3.622,-2.546022491401711
3623,3.623,-2.505901584123994
3624,3.624,-2.9031875282342394
3625,3.625,-2.3041400163539016
3626,3.626,-2.901556036689898
3627,3.6270000000000002,-2.2774733717011393
3628,3.628,-2.5507419370629
3629,3.629,-3.2007175003196604
3630,3.63,-2.8654884698776164
3631,3.6310000000000002,-3.1501943156760124
3632,3.632,-2.2359425659875938
3633,3.633,-2.5591981021245402
3634,3.634,-3.1838213849236983
3635,3.6350000000000002,-2.3628882702416796
3636,3.636,-2.5938758211447857
3637,3.637,-2.8318773760373728
3638,3.638,-1.8343303668662814
3639,3.6390000000000002,-2.2535809106624254
3640,3.64,-2.31899727080236
3641,3.641,-2.2932494505059324
3642,3.642,-2.5672169886280964
3643,3.6430000000000002,-2.4418753342322157
3644,3.644,-1.5998941974660632
3645,3.645,-2.0600934254568344
3646,3.646,-1.8416928869695413
3647,3.6470000000000002,-2.389951411137975
3648,3.648,-2.098506885063996
3649,3.649,-1.4447880652991278
3650,3.65,-1.4374378351478734
3651,3.6510000000000002,-0.9462703718470669
3652,3.652,-0.9895879548069486
3653,3.653,-1.380691758959136
3654,3.654,-1.0875617458001838
3655,3.6550000000000002,-1.2415203799139047
3656,3.656,-0.4464686566833358
3657,3.657,-0.6340204830287095
3658,3.658,-0.8432354454439288
3659,3.6590000000000003,-0.7492042818307888
3660,3.66,-0.29097869242575014
3661,3.661,-0.4657648973449652
3662,3.662,-0.08751192590549517
3663,3.6630000000000003,-1.1290783467207186
3664,3.664,-0.2490840494300996
3665,3.665,-0.4592988961437631
3666,3.666,0.30412055206709965
3667,3.6670000000000003,0.32193433122485093
3668,3.668,-0.05255254405353104
3669,3.669,0.47648716243792655
3670,3.67,0.6273999391100662
3671,3.6710000000000003,0.189772223692054
3672,3.672,0.982185584841542
3673,3.673,0.3023862197403658
3674,3.674,0.3165044998518018
3675,3.6750000000000003,0.7074493560310052
3676,3.676,0.40600173851100385
3677,3.677,0.5996916914577041
3678,3.678,1.0562502569021794
3679,3.6790000000000003,0.6957804519219649
3680,3.68,0.23525998153643746
3681,3.681,0.9047641578707193
3682,3.682,0.6334387457906088
3683,3.6830000000000003,1.1465313925749752
3684,3.684,1.1372107676033858
3685,3.685,1.4078809143510993
3686,3.686,1.2734600869837065
3687,3.6870000000000003,1.3595824537988526
3688,3.688,0.8596018754739531
3689,3.689,1.3258126815981592
3690,3.69,1.695860644234095
3691,3.6910000000000003,0.9158276733421056
3692,3.692,1.675804204314801
3693,3.693,0.9808819758956935
3694,3.694,0.8962334276806659
3695,3.6950000000000003,1.243153332749079
3696,3.696,1.3678702193806151
3697,3.697,1.4217742208721385
3698,3.698,0.8512412200451145
3699,3.6990000000000003,1.2580496329763433
3700,3.7,0.9063716927681973
3701,3.701,0.646188172275479
3702,3.702,0.791598109267875
3703,3.7030000000000003,0.81888888196435
3704,3.704,1.1712291186106691
3705,3.705,1.327730753230729
3706,3.706,0.5042251701040495
3707,3.7070000000000003,1.0127871549972451
3708,3.708,0.5121856149838706
3709,3.709,1.0090013394749342
3710,3.71,0.5857276756693509
3711,3.7110000000000003,0.4067218527525152
3712,3.712,0.909014053097396
3713,3.713,0.43757586396244375
3714,3.714,0.46107384252574246
3715,3.715,-0.17011727327779558
3716,3.716,0.7178056303414981
3717,3.717,0.6161605905808125
3718,3.718,0.30580703659287123
3719,3.719,-0.22143853912685757
3720,3.72,0.5308510015734159
3721,3.721,-0.10193865260587678
3722,3.722,-0.10930998330192576
3723,3.723,0.6480829499330412
3724,3.724,-0.3296649946297007
3725,3.725,0.03039395095800504
3726,3.726,-0.09781981416637223
3727,3.727,-0.22388901127763589
3728,3.728,-0.33097895018212864
3729,3.729,-0.3772764638748346
3730,3.73,-0.48303047977776803
3731,3.731,-0.6542441038983514
3732,3.732,-0.25880726009906413
3733,3.733,-1.178814069624587
3734,3.734,-0.5505361657689374
3735,3.735,-0.681198280877731
3736,3.736,-0.7881161162912063
3737,3.737,-0.7309247324828725
3738,3.738,-1.1606720537371245
3739,3.739,-1.7587953932165021
3740,3.74,-1.2831889379759494
3741,3.741,-1.6202979786997858
3742,3.742,-1.6018343287921153
3743,3.743,-1.8120996820655029
3744,3.744,-1.6373015956461947
3745,3.745,-1.7253085141609488
3746,3.746,-2.3091915543750248
3747,3.747,-1.432711704209562
3748,3.748,-1.0206861775874807
3749,3.749,-1.545957143810306
3750,3.75,-1.8266927300769398
3751,3.751,-1.8170753995519868
3752,3.7520000000000002,-1.9585455586182954
3753,3.753,-1.8335185551411002
3754,3.754,-1.8965251698157237
3755,3.755,-2.1591742188148646
3756,3.7560000000000002,-1.4199174583050844
3757,3.757,-2.3852914466480803
3758,3.758,-1.7344010067600641
3759,3.759,-1.9873740261943889
3760,3.7600000000000002,-1.3902111129999928
3761,3.761,-1.8579593955815275
3762,3.762,-2.064249229772459
3763,3.763,-2.022945647951708
3764,3.7640000000000002,-1.9253189796323211
3765,3.765,-2.2650997432290896
3766,3.766,-2.1336294637591324
3767,3.767,-2.4167208607428123
3768,3.7680000000000002,-2.132199216499446
3769,3.769,-1.7976464143830508
3770,3.77,-1.702773944129581
3771,3.771,-2.3501892550568275
3772,3.7720000000000002,-1.7577410767867239
3773,3.773,-1.5044402024562205
3774,3.774,-1.6760033337654878
3775,3.775,-1.7678033304387253
3776,3.7760000000000002,-1.6488194980182083
3777,3.777,-1.6319756154800857
3778,3.778,-1.6025226468239517
3779,3.779,-1.298411573286028
3780,3.7800000000000002,-0.5947287222078729
3781,3.781,-1.4441722780858848
3782,3.782,-1.2482176659247555
3783,3.783,-1.0978226927042838
3784,3.7840000000000003,-1.2160295487032002
3785,3.785,-0.6059843825209479
3786,3.786,-1.570629768450193
3787,3.787,-0.9410274824107039
3788,3.7880000000000003,-0.4571610933332749
3789,3.789,-0.7105958724561975
3790,3.79,-0.787268745637065
3791,3.791,-0.3265497430409457
3792,3.7920000000000003,-0.10391938349960012
3793,3.793,-0.22914095680847776
3794,3.794,-0.44885011387401147
3795,3.795,0.012400512931970406
3796,3.7960000000000003,-0.16105764580591586
3797,3.797,0.26694255942055123
3798,3.798,0.5718227194977766
3799,3.799,-0.5719224390601689
3800,3.8000000000000003,0.3252418019618841
3801,3.801,-0.14754262736737123
3802,3.802,1.1858762659787174
3803,3.803,0.39179369117967944
3804,3.8040000000000003,0.8335890699644677
3805,3.805,0.6749110291576134
3806,3.806,0.5186241168273402
3807,3.807,0.5550264897885642
3808,3.8080000000000003,1.3773277020265242
3809,3.809,1.2561191020785993
3810,3.81,1.6177072099568948
3811,3.811,1.1139964366760275
3812,3.8120000000000003,1.243758099654984
3813,3.813,1.134404969169476
3814,3.814,1.1826478824832287
3815,3.815,1.0073245278632266
3816,3.8160000000000003,1.3930047497526223
3817,3.817,1.1756241772060096
3818,3.818,1.5861526293647579
3819,3.819,1.5422579880574767
3820,3.8200000000000003,1.6116436682640822
3821,3.821,2.0582957262003894
3822,3.822,1.5711256329456456
3823,3.823,1.8323518527289087
3824,3.8240000000000003,2.239838702084857
3825,3.825,2.0315426006610564
3826,3.826,1.996769004212742
3827,3.827,1.5661402251157301
3828,3.8280000000000003,1.7304247602371468
3829,3.829,1.2654889245433218
3830,3.83,1.8061489074917205
3831,3.831,1.7303959828491557
3832,3.8320000000000003,1.6427649157247157
3833,3.833,1.9277446704789125
3834,3.834,1.2372830720364099
3835,3.835,2.0663527635978745
3836,3.8360000000000003,1.8190170465779434
3837,3.837,1.4962822026994218
3838,3.838,1.4383142842046353
3839,3.839,1.5891474123270186
3840,3.84,1.8599234824008126
3841,3.841,1.3896394460858044
3842,3.842,1.3547606233298357
3843,3.843,1.266414784396002
3844,3.844,1.7421844095410863
3845,3.845,1.0408242102209118
3846,3.846,1.0840141097787725
3847,3.847,1.4708977780652313
3848,3.848,1.012759159315149
3849,3.849,1.2445213504675738
3850,3.85,0.5629029460931597
3851,3.851,0.7058997703407939
3852,3.852,1.1425222198151301
3853,3.853,0.4226894665203549
3854,3.854,0.5074907710327692
3855,3.855,0.5562630843882234
3856,3.856,0.10817717704286545
3857,3.857,0.205938884603593
3858,3.858,0.28872886659273206
3859,3.859,0.19370231997285617
3860,3.86,0.4886744921116115
3861,3.861,0.4921955900606074
3862,3.862,-0.30135211105878773
3863,3.863,-0.08469984390715515
3864,3.864,0.011576116485753435
3865,3.865,0.19272603146560396
3866,3.866,-0.11677306466945064
3867,3.867,-0.31365362869428226
3868,3.868,-0.2678450949546777
3869,3.869,-0.3306415417130737
3870,3.87,-0.8739511615147775
3871,3.871,-0.598383782652425
3872,3.872,-0.27661086766207105
3873,3.873,-0.8320847807300813
3874,3.874,-0.7837856020021078
3875,3.875,-0.9451872980378686
3876,3.876,-1.6133292502005911
3877,3.8770000000000002,-0.9565231071112799
3878,3.878,-0.9123530155343151
3879,3.879,-1.1933715601519488
3880,3.88,-1.4191801645386077
3881,3.8810000000000002,-1.3664687853037973
3882,3.882,-0.8987700722587362
3883,3.883,-0.5581698353441
3884,3.884,-0.7531896286434572
3885,3.8850000000000002,-1.58524791693937
3886,3.886,-0.935563999319583
3887,3.887,-1.3968550094789858
3888,3.888,-1.3744600733085328
3889,3.8890000000000002,-1.3361505595933763
3890,3.89,-0.9794159552754941
3891,3.891,-0.8930456724448149
3892,3.892,-1.1957426710764294
3893,3.8930000000000002,-1.1721220390788196
3894,3.894,-0.9859859301067424
3895,3.895,-0.9283797463915232
3896,3.896,-0.7155352707151783
3897,3.8970000000000002,-1.4195250555298724
3898,3.898,-0.9902857217843167
3899,3.899,-1.2751464130512575
3900,3.9,-0.9249365111843696
3901,3.9010000000000002,-0.9290053358786681
3902,3.902,-0.8233848361812762
3903,3.903,-0.9943317184790875
3904,3.904,-1.142628279584332
3905,3.9050000000000002,-1.2639391212104738
3906,3.906,-0.6114207860426353
3907,3.907,-0.6352841000174227
3908,3.908,-0.6403130411340576
3909,3.9090000000000003,0.029874589638118454
3910,3.91,-0.5520751118787026
3911,3.911,0.20526666151013934
3912,3.912,0.34344787078987193
3913,3.9130000000000003,-0.6514787528176256
3914,3.914,0.040217183769302584
3915,3.915,-0.02768685557429071
3916,3.916,-0.7008010052024571
3917,3.9170000000000003,-0.17954651196751403
3918,3.918,0.5678075675819263
3919,3.919,1.0227295122147444
3920,3.92,0.7693652420707785
3921,3.9210000000000003,0.6769802193486137
3922,3.922,0.6543448627236723
3923,3.923,1.2457136584691835
3924,3.924,1.4646660475624467
3925,3.9250000000000003,0.7223265891766907
3926,3.926,0.3752741659216934
3927,3.927,0.4212146225448796
3928,3.928,1.5209551268296126
3929,3.9290000000000003,1.1821271975965701
3930,3.93,1.321025969139084
3931,3.931,0.7964487339036553
3932,3.932,1.1728943505536473
3933,3.9330000000000003,1.3728720394559315
3934,3.934,1.5838412528606498
3935,3.935,1.4590521629818454
3936,3.936,1.3216057954339686
3937,3.9370000000000003,1.4485178010737456
3938,3.938,2.094265628424607
3939,3.939,1.8497773504964317
3940,3.94,2.00116122183412
3941,3.9410000000000003,1.5855399582187688
3942,3.942,1.0031862244078527
3943,3.943,1.7629148542303206
3944,3.944,1.6867191044734189
3945,3.9450000000000003,2.074530067561134
3946,3.946,2.974943642511489
3947,3.947,2.213423875025677
3948,3.948,2.8375517887405337
3949,3.9490000000000003,2.1955325134249186
3950,3.95,1.840339126868088
3951,3.951,2.134377259312237
3952,3.952,2.5612250594039123
3953,3.9530000000000003,2.5693173485805954
3954,3.954,1.8377076124420793
3955,3.955,2.0726409030415085
3956,3.956,1.550881142804545
3957,3.9570000000000003,2.2067272330325016
3958,3.958,2.401789633282025
3959,3.959,1.9210810490076577
3960,3.96,1.67930443229811
3961,3.9610000000000003,1.9550851899953943
3962,3.962,1.937092950185636
3963,3.963,1.7984334760389917
3964,3.964,1.787515277115282
3965,3.9650000000000003,1.6392979897550917
3966,3.966,1.945663727577703
3967,3.967,1.821240475573975
3968,3.968,1.257168273856781
3969,3.969,1.1990569035234317
3970,3.97,1.374643932859147
3971,3.971,1.6194991872138966
3972,3.972,1.389311269010335
3973,3.973,1.0975353487235813
3974,3.974,1.313850152294676
3975,3.975,1.0805808164805015
3976,3.976,1.3881019782849675
3977,3.977,1.1678947980772445
3978,3.978,0.917489184482404
3979,3.979,1.0258806573141979
3980,3.98,1.2957289796585991
3981,3.981,0.6757290442274722
3982,3.982,0.9136055530240428
3983,3.983,0.7188160845665718
3984,3.984,0.8163137958912439
3985,3.985,0.4413903892749512
3986,3.986,0.6218302190233047
3987,3.987,0.8736201647548096
3988,3.988,0.2144269110365699
3989,3.989,0.05280649112504571
3990,3.99,0.02225671523966738
3991,3.991,0.018641317266485047
3992,3.992,0.5107715594534616
3993,3.993,-0.12496336711335115
3994,3.994,0.1744199510440397
3995,3.995,0.4187226750685561
3996,3.996,0.33020399120732136
3997,3.997,0.06409209124237782
3998,3.998,0.2142237953823984
3999,3.999,0.16895090069501806
4000,4.0,0.052099782594454316
4001,4.001,0.041411003790716994
4002,4.002,0.7633140814317628
4003,4.003,0.32623925229476425
4004,4.0040000000000004,0.8211279176269943
4005,4.005,-0.07596192264749216
4006,4.006,0.04651082906241079
4007,4.007,-0.3261212865422752
4008,4.008,-0.1652427252087889
4009,4.009,0.6548520022049049
4010,4.01,-0.06320544041167989
4011,4.011,0.6807201305171371
4012,4.0120000000000005,-0.2542176328724499
4013,4.013,-0.18115700102151683
4014,4.014,0.05075037701175908
4015,4.015,0.15427369134618837
4016,4.016,0.47254016835024815
4017,4.017,0.3548847720260978
4018,4.018,0.12050603092423615
4019,4.019,0.2327385659950569
4020,4.0200000000000005,0.2058073566432324
4021,4.021,0.05725434358359088
4022,4.022,0.09658536351155461
4023,4.023,0.7037287139609187
4024,4.024,-0.11976682628606916
4025,4.025,0.948002341883453
4026,4.026,0.39466416364166657
4027,4.027,0.30109586160708834
4028,4.0280000000000005,0.7904438811625565
4029,4.029,1.0499948827938226
4030,4.03,0.9757459046034052
4031,4.031,0.827019105144063
4032,4.032,1.0383823657408473
4033,4.033,0.23296121908449585
4034,4.034,0.6265545675855176
4035,4.035,0.5444351061312009
4036,4.0360000000000005,1.2192372245461272
4037,4.037,0.7701319800091021
4038,4.038,1.1712963452955967
4039,4.039,1.1100046698564807
4040,4.04,0.7211143904193267
4041,4.041,0.8331818150831846
4042,4.042,1.4257066527683935
4043,4.043,0.8319705776371957
4044,4.0440000000000005,1.1278319370850416
4045,4.045,0.8800159000351262
4046,4.046,1.0436056730571786
4047,4.047,1.145526358636817
4048,4.048,0.9446415206419969
4049,4.049,0.9100174375060737
4050,4.05,1.301195961373469
4051,4.051,0.9775646828405153
4052,4.0520000000000005,1.0019754139263006
4053,4.053,0.976171773611981
4054,4.054,1.2457800134590982
4055,4.055,1.5621065367091513
4056,4.056,1.7394140211838482
4057,4.057,1.0767994005200476
4058,4.058,1.9454988454070619
4059,4.059,1.0035945167404243
4060,4.0600000000000005,1.6335051877482099
4061,4.061,1.094271483313706
4062,4.062,1.0508249625641521
4063,4.063,1.0890603039463012
4064,4.064,1.2962885900824341
4065,4.065,1.4847921511389015
4066,4.066,1.5098756431921367
4067,4.067,1.0232703467934248
4068,4.0680000000000005,1.0066562877056526
4069,4.069,1.02529243845806
4070,4.07,1.2633554864406698
4071,4.071,1.2300480544164538
4072,4.072,1.0043383574138793
4073,4.073,1.3666400830287975
4074,4.074,1.96107735948299
4075,4.075,1.1277267233870518
4076,4.0760000000000005,1.1463150356789327
4077,4.077,1.4419904973546078
4078,4.078,1.1047678837482626
4079,4.079,1.4721181269916055
4080,4.08,1.05567157525052
4081,4.081,1.8215556452749262
4082,4.082,1.3770029333986025
4083,4.083,1.0902599489767286
4084,4.0840000000000005,1.1034762636421593
4085,4.085,1.1309501615085695
4086,4.086,1.7031730872302273
4087,4.087,0.9182883900614185
4088,4.088,1.1074525762335174
4089,4.089,1.149655187069934
4090,4.09,1.3251953933162322
4091,4.091,1.2617727126523295
4092,4.0920000000000005,0.9104135469456804
4093,4.093,1.2539924288326345
4094,4.094,1.361712496240205
4095,4.095,1.2222593521725356
4096,4.096,1.63728755548162
4097,4.097,1.7290727526960108
4098,4.098,1.4531237854011427
4099,4.099,1.5705425346126312
4100,4.1,0.8791020267862636
4101,4.101,1.4283645806552263
4102,4.102,1.8845873076683977
4103,4.103,1.4856468693867269
4104,4.104,1.4220430113814515
4105,4.105,2.3579858515205276
4106,4.106,2.252674053816877
4107,4.107,1.8802022934137215
4108,4.108,2.115175709874734
4109,4.109,1.139768841882621
4110,4.11,1.6056799762085634
4111,4.111,1.7355725494061767
4112,4.112,1.8404638105574782
4113,4.113,1.7989166883764067
4114,4.114,1.2153352795952377
4115,4.115,2.1302491067562532
4116,4.116,2.211143429004086
4117,4.117,2.561579031590071
4118,4.118,1.876684187184261
4119,4.119,1.8833490538848676
4120,4.12,1.3705253563381472
4121,4.121,2.115323993304298
4122,4.122,2.50120197191086
4123,4.123,2.073266034367193
4124,4.124,2.9240666333696184
4125,4.125,2.226459076287924
4126,4.126,2.3679698841766554
4127,4.127,1.9332737967561142
4128,4.128,2.4444740779677274
4129,4.1290000000000004,1.7782648858693086
4130,4.13,2.5914581087407123
4131,4.131,2.609392742397645
4132,4.132,2.805895305678575
4133,4.133,2.095397492495104
4134,4.134,2.4499910100780498
4135,4.135,2.5684822979095188
4136,4.136,2.526553823521458
4137,4.1370000000000005,2.125775075284454
4138,4.138,1.6561863176767484
4139,4.139,2.463173320103067
4140,4.14,2.295506957731092
4141,4.141,2.150284968905722
4142,4.142,2.525358697133001
4143,4.143,2.2554616299567316
4144,4.144,1.8428405872984965
4145,4.1450000000000005,1.6257620106358468
4146,4.146,1.8300941391840264
4147,4.147,2.8473209667301287
4148,4.148,2.304007135076192
4149,4.149,2.0987231398326
4150,4.15,1.9399126209956636
4151,4.151,1.869879805833465
4152,4.152,2.241479140514735
4153,4.1530000000000005,1.6890317506639787
4154,4.154,1.9519865242872334
4155,4.155,1.6150444289477883
4156,4.156,2.2404073239613
4157,4.157,1.8181316143526047
4158,4.158,1.9046751182992365
4159,4.159,1.289915951479298
4160,4.16,1.7157756997096016
4161,4.1610000000000005,1.2367274132203057
4162,4.162,1.2949578768762113
4163,4.163,1.6834066771227463
4164,4.164,0.8107253211045375
4165,4.165,1.1151449754987792
4166,4.166,1.1163629704273312
4167,4.167,1.0721648692399741
4168,4.168,0.7127774462972281
4169,4.1690000000000005,1.4066253233156605
4170,4.17,0.326121371838651
4171,4.171,1.087480095696615
4172,4.172,0.9511423728839867
4173,4.173,1.0955261566288166
4174,4.174,-0.010512095325672044
4175,4.175,0.14829013452731027
4176,4.176,0.8020158583076555
4177,4.1770000000000005,-0.260458250217692
4178,4.178,-0.22812525909659964
4179,4.179,0.06162148726777167
4180,4.18,0.22335219204838389
4181,4.181,0.6045883707594455
4182,4.182,0.036212843323983335
4183,4.183,-0.1219340096598143
4184,4.184,0.12673082225277596
4185,4.1850000000000005,0.15114613714876915
4186,4.186,0.12390398505715108
4187,4.187,-0.07616582128599204
4188,4.188,-0.6190561040529645
4189,4.189,-0.31293879381134837
4190,4.19,0.3880209933467173
4191,4.191,0.0224377145380927
4192,4.192,-0.12122709067724415
4193,4.1930000000000005,0.325064038369646
4194,4.194,-0.330445337576793
4195,4.195,-0.03514117528792725
4196,4.196,0.10255121430838784
4197,4.197,-0.037568840560660566
4198,4.198,0.16351178568038557
4199,4.199,0.1201726741877399
4200,4.2,-0.19543906497040192
4201,4.2010000000000005,0.33128522392889836
4202,4.202,-0.06469630600871717
4203,4.203,0.4448294967226569
4204,4.204,0.8729537153874817
4205,4.205,0.44605549700867914
4206,4.206,0.2524833483580116
4207,4.207,0.6431350937059233
4208,4.208,0.5124881596277804
4209,4.2090000000000005,1.0246198912289461
4210,4.21,0.8891803973977606
4211,4.211,1.5367088385496077
4212,4.212,1.465532542603096
4213,4.213,1.1659700189638764
4214,4.214,1.52397840965637
4215,4.215,1.2906009665570732
4216,4.216,1.5196337006713592
4217,4.2170000000000005,1.5032065943843378
4218,4.218,1.944790214174005
4219,4.219,2.24869859428292
4220,4.22,2.162778944059432
4221,4.221,2.304279868024114
4222,4.222,2.408951460708766
4223,4.223,2.4012837245072034
4224,4.224,1.9972041703631551
4225,4.225,2.951277409057413
4226,4.226,3.0829150542629793
4227,4.227,2.570343491302509
4228,4.228,2.626226810211187
4229,4.229,3.0158099988573723
4230,4.23,3.0894161379754363
4231,4.231,2.9528303388462267
4232,4.232,2.7245326453324137
4233,4.233,3.2739979348346235
4234,4.234,3.42683298259602
4235,4.235,3.5543864479452503
4236,4.236,3.5125571953460373
4237,4.237,3.393234700772449
4238,4.238,3.835032468407042
4239,4.239,3.6141172379992823
4240,4.24,3.5075043878111325
4241,4.241,3.6403258919139905
4242,4.242,3.213043334201865
4243,4.243,3.7191104741809182
4244,4.244,4.011781398198616
4245,4.245,3.933069529975384
4246,4.246,4.307550219818753
4247,4.247,3.78693980719945
4248,4.248,4.020722978600753
4249,4.249,4.115231591758178
4250,4.25,4.57731723797585
4251,4.251,3.909114874136811
4252,4.252,3.537851167025935
4253,4.253,4.085145611117532
4254,4.2540000000000004,4.364440953975152
4255,4.255,3.6762863190092077
4256,4.256,3.9881699039167176
4257,4.257,4.061835894842808
4258,4.258,3.9504148635680756
4259,4.259,3.6298908915424994
4260,4.26,3.324620595854444
4261,4.261,3.44690595480326
4262,4.2620000000000005,3.541376266938205
4263,4.263,3.6043543716433746
4264,4.264,3.3559675336539616
4265,4.265,3.061745795638269
4266,4.266,3.2585491964563644
4267,4.267,3.2627176270184584
4268,4.268,3.0281391032696354
4269,4.269,2.5700484568517554
4270,4.2700000000000005,2.6705021429562965
4271,4.271,2.910954793724894
4272,4.272,2.111354564640561
4273,4.273,1.7962322120748047
4274,4.274,2.7731233151593595
4275,4.275,2.36953990091587
4276,4.276,2.2927752105430703
4277,4.277,1.681898093946645
4278,4.2780000000000005,2.1202577741086794
4279,4.279,1.8758224149206175
4280,4.28,1.2127123135229239
4281,4.281,2.0108926652571775
4282,4.282,1.527960800962418
4283,4.283,1.2597425822510726
4284,4.284,1.1651541783643018
4285,4.285,0.5760406537977484
4286,4.2860000000000005,1.2630314637481868
4287,4.287,1.0706643528805586
4288,4.288,0.8438906791318768
4289,4.289,1.1988661820643522
4290,4.29,0.3168240711842009
4291,4.291,0.47331185125532693
4292,4.292,0.3216367490322541
4293,4.293,0.42145035063500325
4294,4.2940000000000005,0.45813996746016966
4295,4.295,0.5042658325637314
4296,4.296,0.2132625643901853
4297,4.297,0.0011325882613035798
4298,4.298,0.7221639372101095
4299,4.299,0.8970438826657621
4300,4.3,0.1790080871989364
4301,4.301,-0.12316567701824149
4302,4.3020000000000005,0.5198055814722736
4303,4.303,-0.3780413766482495
4304,4.304,-0.06007106398947061
4305,4.305,-0.17851474913486262
4306,4.306,-0.321988924234415
4307,4.307,-0.0570022998792228
4308,4.308,-0.22555934505261754
4309,4.309,0.04968468913492787
4310,4.3100000000000005,0.0716836775281196
4311,4.311,-0.0998604419726006
4312,4.312,0.003663487410498628
4313,4.313,0.07899820274036101
4314,4.314,0.4296702283668429
4315,4.315,0.1855348698620392
4316,4.316,0.5255459324705605
4317,4.317,0.5065017469707168
4318,4.3180000000000005,0.5592027303621138
4319,4.319,0.865245603063509
4320,4.32,0.17817244543755723
4321,4.321,0.4408576022425194
4322,4.322,1.1841143617267091
4323,4.323,0.6534856848088949
4324,4.324,-0.03531169820395008
4325,4.325,0.829605317534984
4326,4.3260000000000005,1.0147030457292872
4327,4.327,0.2749903455408288
4328,4.328,1.5481029611955661
4329,4.329,1.0232139239578573
4330,4.33,1.4266182161419148
4331,4.331,1.3519987605156771
4332,4.332,1.1257584224627508
4333,4.333,1.2840123088669788
4334,4.3340000000000005,1.4176748881742363
4335,4.335,2.116775393165994
4336,4.336,1.8392326967328982
4337,4.337,1.8186113553584173
4338,4.338,1.785436045655765
4339,4.339,2.5140016534693648
4340,4.34,2.68217018450947
4341,4.341,2.6842334901305875
4342,4.3420000000000005,2.56032891502534
4343,4.343,2.5809690117593065
4344,4.344,2.2080530908127876
4345,4.345,2.5750625444798083
4346,4.346,2.5165614595008394
4347,4.347,2.2437039094291684
4348,4.348,3.1746368186529006
4349,4.349,2.7112833893928396
4350,4.3500000000000005,3.337493167381169
4351,4.351,3.2979234116636986
4352,4.352,3.250969671161628
4353,4.353,3.3141099882047
4354,4.354,2.9875615605962142
4355,4.355,3.7669422343371677
4356,4.356,3.255392346542554
4357,4.357,3.3612691033977984
4358,4.358,3.0995160971107527
4359,4.359,3.0337164783718347
4360,4.36,3.470338737242823
4361,4.361,3.4017398434402115
4362,4.362,3.1042790295831217
4363,4.363,2.909445675279431
4364,4.364,2.955218292705378
4365,4.365,3.6856474309598313
4366,4.366,3.128906977178625
4367,4.367,3.192838034080718
4368,4.368,3.706894231199548
4369,4.369,2.908199055441729
4370,4.37,2.995698354510133
4371,4.371,2.9481628808397584
4372,4.372,3.6254086846978444
4373,4.373,3.695564920991096
4374,4.374,3.2771257940040375
4375,4.375,3.2375137330575408
4376,4.376,2.7761670504345153
4377,4.377,3.4793894640873106
4378,4.378,2.9177760920066835
4379,4.3790000000000004,3.0332599540229754
4380,4.38,2.683343667829294
4381,4.381,2.5703175161095952
4382,4.382,3.0836603879736364
4383,4.383,2.679226210947436
4384,4.384,2.884074254706986
4385,4.385,2.4556563757724224
4386,4.386,2.054242427244
4387,4.3870000000000005,2.0629972740186036
4388,4.388,2.1979458457354037
4389,4.389,1.9082247599217839
4390,4.39,1.693369622059421
4391,4.391,2.316030572799756
4392,4.392,1.7229520363283295
4393,4.393,1.8597302425392275
4394,4.394,1.8402600119768415
4395,4.3950000000000005,1.5096400663219216
4396,4.396,2.0577340973805978
4397,4.397,1.2257182935296316
4398,4.398,1.5798811817260106
4399,4.399,1.518126913445286
4400,4.4,1.3734678859134481
4401,4.401,0.9488570948102026
4402,4.402,1.550265238882948
4403,4.4030000000000005,1.4662220049345314
4404,4.404,0.9978522863396306
4405,4.405,1.373461500399255
4406,4.406,1.2378391883166031
4407,4.407,0.7089014245729985
4408,4.408,0.8082854853060062
4409,4.409,1.3810692566837672
4410,4.41,1.1113387594361075
4411,4.4110000000000005,0.8320133671314903
4412,4.412,0.730451824387032
4413,4.413,0.8239913166997186
4414,4.414,0.8398152898940133
4415,4.415,0.7178508624841455
4416,4.416,0.451504064119575
4417,4.417,1.3223116722053674
4418,4.418,1.281607157740205
4419,4.4190000000000005,0.6223252628795867
4420,4.42,1.0627827292531236
4421,4.421,0.7724219913311661
4422,4.422,0.9893454302529496
4423,4.423,0.9925148547680389
4424,4.424,0.9990080593370992
4425,4.425,1.7628059855088882
4426,4.426,1.0673926219263625
4427,4.4270000000000005,0.9974291293541573
4428,4.428,1.054236076435275
4429,4.429,1.6417557551377535
4430,4.43,0.8809312252428655
4431,4.431,1.1978507337448654
4432,4.432,1.9126987765618009
4433,4.433,1.60559652226344
4434,4.434,1.6452505547036491
4435,4.4350000000000005,2.2839009269894253
4436,4.436,1.7758352126753407
4437,4.437,1.548017304149751
4438,4.438,1.7350359569744849
4439,4.439,1.5386322241517358
4440,4.44,2.315835135686762
4441,4.441,2.171176069137852
4442,4.442,2.3956195259740207
4443,4.4430000000000005,2.481186563686105
4444,4.444,2.051309003396766
4445,4.445,1.9494913199263266
4446,4.446,2.273595328841496
4447,4.447,2.082107712268492
4448,4.448,2.446677287158265
4449,4.449,2.788299540926316
4450,4.45,2.4477401272986867
4451,4.4510000000000005,2.5905358642487823
4452,4.452,2.562403098919905
4453,4.453,2.873887471623263
4454,4.454,2.4725777571319507
4455,4.455,2.051000208920964
4456,4.456,2.8852522595762577
4457,4.457,3.0713034645978285
4458,4.458,2.9366100707269207
4459,4.4590000000000005,2.6350468994105847
4460,4.46,2.507606445572471
4461,4.461,3.013943343493251
4462,4.462,2.9219382508256615
4463,4.463,2.8520127242835187
4464,4.464,3.4430526053201147
4465,4.465,2.6151082951501503
4466,4.466,3.430743172314853
4467,4.4670000000000005,2.9030903373166783
4468,4.468,2.3344497604238117
4469,4.469,2.8191846631222797
4470,4.47,3.144906648980904
4471,4.471,2.727983166050715
4472,4.472,2.3718916257145004
4473,4.473,2.7382464727294367
4474,4.474,2.5002534002943735
4475,4.4750000000000005,2.8713725913896515
4476,4.476,2.9189918993213473
4477,4.477,2.33006771955083
4478,4.478,2.392141021521194
4479,4.479,2.784898372366411
4480,4.48,2.251508944337505
4481,4.481,2.1331569921839524
4482,4.482,2.0503859946902105
4483,4.483,2.453509719186289
4484,4.484,2.3824428898752092
4485,4.485,2.024355507844786
4486,4.486,2.169234952376765
4487,4.487,2.562450967472369
4488,4.488,1.7473576539339393
4489,4.489,1.3881848517846453
4490,4.49,2.0434383226265957
4491,4.491,1.8062909453606595
4492,4.492,1.5584008406014513
4493,4.493,1.898746283898864
4494,4.494,1.8865365661762634
4495,4.495,0.9040817210133242
4496,4.496,1.3029469219768777
4497,4.497,2.126721909240271
4498,4.498,1.5400214074775769
4499,4.499,1.5023660144195579
4500,4.5,1.58714695722535
4501,4.501,1.1775545578056779
4502,4.502,1.350204033208618
4503,4.503,1.2671848740195244
4504,4.5040000000000004,1.1560359617778697
4505,4.505,0.8424477629531206
4506,4.506,0.9377413612794736
4507,4.507,0.6591984940434154
4508,4.508,0.7918040009966253
4509,4.509,0.39248476310538405
4510,4.51,0.4638779822155268
4511,4.511,0.5774975302923557
4512,4.5120000000000005,0.34342063118282223
4513,4.513,0.44269569731424274
4514,4.514,0.5161212406551134
4515,4.515,0.6605968775999461
4516,4.516,0.8029161044766666
4517,4.517,0.360895510700062
4518,4.518,0.8861836340430702
4519,4.519,0.7566335098551114
4520,4.5200000000000005,0.6194883151905032
4521,4.521,0.5114009292581883
4522,4.522,0.5619369582937289
4523,4.523,0.8270599473877491
4524,4.524,0.846601154368479
4525,4.525,0.8924106241937444
4526,4.526,0.520507306292907
4527,4.527,0.6945207782765674
4528,4.5280000000000005,0.9546990809625032
4529,4.529,0.391741549661631
4530,4.53,0.5140923034200963
4531,4.531,0.6486418667437974
4532,4.532,0.951279248432189
4533,4.533,0.9967683514201134
4534,4.534,0.6969066204727747
4535,4.535,0.3605390391146569
4536,4.5360000000000005,0.9368062182686883
4537,4.537,0.6400166376508407
4538,4.538,0.5236728192243447
4539,4.539,0.6490594370980127
4540,4.54,1.1859639938667739
4541,4.541,1.5582815578326723
4542,4.542,1.2254758292866634
4543,4.543,1.3427946678296496
4544,4.5440000000000005,1.7013725749017305
4545,4.545,0.9516525134592146
4546,4.546,1.6406951710960014
4547,4.547,1.5517910358990878
4548,4.548,1.7964850792759774
4549,4.549,1.5535964995557203
4550,4.55,1.525606800471079
4551,4.551,1.8856572611926632
4552,4.5520000000000005,2.4107465198629363
4553,4.553,2.2465126654287886
4554,4.554,1.9077472999265033
4555,4.555,1.7289445192569848
4556,4.556,1.6969650122298137
4557,4.557,2.6657373147663224
4558,4.558,2.0524865352604262
4559,4.559,2.308054253292223
4560,4.5600000000000005,2.8671779349468998
4561,4.561,2.049980272879114
4562,4.562,3.043221532982406
4563,4.563,2.578727919965036
4564,4.564,2.367246296660621
4565,4.565,2.6921838732823793
4566,4.566,2.601594565847499
4567,4.567,2.9998776026334157
4568,4.5680000000000005,2.719588038333717
4569,4.569,2.3839414058655914
4570,4.57,2.9315619763145935
4571,4.571,2.62784271898672
4572,4.572,3.1298535322553347
4573,4.573,2.7427514016140795
4574,4.574,2.9793159262648117
4575,4.575,3.2037455716729926
4576,4.5760000000000005,3.1048344228578557
4577,4.577,3.2595998380755273
4578,4.578,3.400703578460603
4579,4.579,2.857593592757387
4580,4.58,3.190191570629559
4581,4.581,2.2113585814756442
4582,4.582,3.281260898806738
4583,4.583,3.109820310721926
4584,4.5840000000000005,2.8941954308868296
4585,4.585,3.2692933643588535
4586,4.586,3.5079439406773165
4587,4.587,2.9911342732608697
4588,4.588,2.8245949483692483
4589,4.589,3.1279972619250596
4590,4.59,2.6446734508167755
4591,4.591,2.8105954389223418
4592,4.5920000000000005,3.3353551174982763
4593,4.593,2.94387275664495
4594,4.594,2.3147208275378395
4595,4.595,2.2896678243241
4596,4.596,2.824570220783283
4597,4.597,2.9789349409601105
4598,4.598,2.17642453917384
4599,4.599,2.7354701017510137
4600,4.6000000000000005,2.9359949688967877
4601,4.601,3.0372191645090134
4602,4.602,2.501980711533057
4603,4.603,2.484343681709479
4604,4.604,1.6201313829502144
4605,4.605,2.8160533046361813
4606,4.606,1.9379442081386489
4607,4.607,1.7536056841685532
4608,4.6080000000000005,1.8789049373964282
4609,4.609,2.329726913965004
4610,4.61,2.4585115675755755
4611,4.611,1.7528859482260453
4612,4.612,1.933326064574881
4613,4.613,1.5651512816487188
4614,4.614,1.1589727186145575
4615,4.615,1.8314679815590504
4616,4.616,1.1201320953977656
4617,4.617,1.6861258056092243
4618,4.618,1.5342735411577912
4619,4.619,1.2488908158065093
4620,4.62,1.5342392206398916
4621,4.621,1.577186927919776
4622,4.622,0.7780845015991544
4623,4.623,0.5125971724611186
4624,4.624,0.12209777914252684
4625,4.625,1.2826502150517904
4626,4.626,0.4070851000920737
4627,4.627,0.8112716401199171
4628,4.628,0.18232610893844792
4629,4.6290000000000004,0.8024352276899349
4630,4.63,0.0696177781983637
4631,4.631,-0.1365921066557274
4632,4.632,0.10233776421347339
4633,4.633,-0.04786522115687622
4634,4.634,0.24025680781808265
4635,4.635,-0.001327400031379643
4636,4.636,0.1582472440988519
4637,4.6370000000000005,-0.1583138102973502
4638,4.638,-0.30819057127061866
4639,4.639,-0.3180096965463798
4640,4.64,0.4396922044285261
4641,4.641,-0.13359092942081383
4642,4.642,-0.8200763570279337
4643,4.643,-0.4012242254956537
4644,4.644,-0.232687380536312
4645,4.6450000000000005,0.2789437751519003
4646,4.646,0.024681873514990238
4647,4.647,-0.5660047841320375
4648,4.648,0.4341500965611417
4649,4.649,-0.29888087999331314
4650,4.65,0.08986964814798243
4651,4.651,-0.6213681572604834
4652,4.652,-0.9815179602008713
4653,4.6530000000000005,-0.6682041902073689
4654,4.654,-1.2008257390995278
4655,4.655,0.4313542695586874
4656,4.656,-0.11101357847099905
4657,4.657,-0.42248734681090483
4658,4.658,0.024279631840150667
4659,4.659,-0.01789370685155299
4660,4.66,0.15153969446610124
4661,4.6610000000000005,0.3711186338591887
4662,4.662,-0.03277227875767476
4663,4.663,-0.16096461933386164
4664,4.664,0.40282780908522714
4665,4.665,0.449308839337338
4666,4.666,0.29542416648832337
4667,4.667,0.9774142202009632
4668,4.668,0.25396021069207975
4669,4.6690000000000005,0.1785819381624884
4670,4.67,0.6391274054184062
4671,4.671,0.3781576064011788
4672,4.672,0.7978573273660247
4673,4.673,0.46933002107759025
4674,4.674,0.6704955011475681
4675,4.675,1.430297266425923
4676,4.676,0.8148200610068881
4677,4.6770000000000005,0.7710965561243621
4678,4.678,1.4368443733026355
4679,4.679,0.8456764237500203
4680,4.68,1.0287390615058214
4681,4.681,1.4853323032738508
4682,4.682,1.6695617500535458
4683,4.683,1.8296112306081782
4684,4.684,1.3143106899960901
4685,4.6850000000000005,1.7916914682590006
4686,4.686,1.5466953393528828
4687,4.687,1.577523174804446
4688,4.688,2.1917563248126615
4689,4.689,1.7362087620425488
4690,4.69,2.0533607777668914
4691,4.691,2.0837737789399555
4692,4.692,1.7812879828482688
4693,4.6930000000000005,2.455811397926226
4694,4.694,2.3954368489433913
4695,4.695,1.6905833317673937
4696,4.696,2.426417326821095
4697,4.697,2.165480526909068
4698,4.698,2.7780015715073114
4699,4.699,2.0639596432867418
4700,4.7,2.4364065247463813
4701,4.7010000000000005,2.6946778119316983
4702,4.702,2.6419320691680945
4703,4.703,2.8908103634405307
4704,4.704,2.2393242852613238
4705,4.705,3.219897294310597
4706,4.706,2.9077992061128013
4707,4.707,3.180489164869839
4708,4.708,3.05348110044984
4709,4.7090000000000005,2.802619403545996
4710,4.71,2.431943372441032
4711,4.711,2.65540181061049
4712,4.712,3.3047324454950977
4713,4.713,3.242996257751696
4714,4.714,2.6370761830490954
4715,4.715,1.969138922126359
4716,4.716,2.73858218566804
4717,4.7170000000000005,2.6999332301852115
4718,4.718,2.6912837828328158
4719,4.719,2.9008948267954513
4720,4.72,2.977499066557809
4721,4.721,2.980259912111414
4722,4.722,2.781706918153111
4723,4.723,2.0689422674422024
4724,4.724,2.4644226832790315
4725,4.7250000000000005,3.2121318535590566
4726,4.726,2.5838973763804174
4727,4.727,2.5294111064747304
4728,4.728,2.4711578518080883
4729,4.729,2.4291032267363493
4730,4.73,1.5277876033212254
4731,4.731,2.1062822051989936
4732,4.732,2.09951507769253
4733,4.7330000000000005,2.42554589508751
4734,4.734,1.9832367026367448
4735,4.735,1.4006006869623264
4736,4.736,1.9471461738675577
4737,4.737,1.4986532240145418
4738,4.738,1.2947368659951122
4739,4.739,1.327967068706576
4740,4.74,1.6580623230159637
4741,4.741,1.7888772896784615
4742,4.742,1.4710982285225895
4743,4.743,1.4300227313360576
4744,4.744,1.2959481629743976
4745,4.745,1.0976718412115107
4746,4.746,1.1894116567324846
4747,4.747,0.1677785383798296
4748,4.748,0.8400369633934461
4749,4.749,0.4069532804220096
4750,4.75,0.9836427673730006
4751,4.751,0.5057861098477695
4752,4.752,0.47539425119891504
4753,4.753,-0.06802351463793149
4754,4.7540000000000004,0.6073385651340191
4755,4.755,0.41087067202631156
4756,4.756,0.31191610417137994
4757,4.757,-0.17495845016633688
4758,4.758,-0.23689390067283994
4759,4.759,-0.009168926024557641
4760,4.76,-0.35357674310210485
4761,4.761,-0.08111080837789658
4762,4.7620000000000005,-0.9234249950864566
4763,4.763,-0.482063232865671
4764,4.764,0.1456388047231516
4765,4.765,-0.3159380386681485
4766,4.766,-0.44883014781888997
4767,4.767,0.04904000734050029
4768,4.768,-1.2914452750857097
4769,4.769,-0.8757608283610157
4770,4.7700000000000005,-0.788319895954093
4771,4.771,-0.44348004678536745
4772,4.772,-0.467457908016689
4773,4.773,-1.0152232999526607
4774,4.774,-0.47735408530886775
4775,4.775,-0.9150726461343484
4776,4.776,-0.4439196951112695
4777,4.777,-1.1265208523999826
4778,4.7780000000000005,-0.8590194607747804
4779,4.779,-0.9703648269242104
4780,4.78,-0.5038049660539571
4781,4.781,-0.9707895714147081
4782,4.782,-0.8161142082140365
4783,4.783,-0.6368962585812046
4784,4.784,-0.6071205269884746
4785,4.785,-0.482642175922961
4786,4.7860000000000005,-0.6597751825067484
4787,4.787,-0.8194199251451749
4788,4.788,-0.7662383660346628
4789,4.789,-0.617673664253391
4790,4.79,-0.5113286997328728
4791,4.791,-0.5881035647254326
4792,4.792,-0.4929896581831104
4793,4.793,-0.9059248561734441
4794,4.7940000000000005,-0.1998934900909073
4795,4.795,-0.2926322024096056
4796,4.796,0.009047270998589152
4797,4.797,-0.23386968374866948
4798,4.798,-0.6958766272620217
4799,4.799,-0.22055090083739462
4800,4.8,-0.11006510137692796
4801,4.801,0.23711315690590187
4802,4.8020000000000005,-0.5413109297714634
4803,4.803,0.1586550746672435
4804,4.804,0.3677331498911385
4805,4.805,0.08310934948042534
4806,4.806,0.3722604261301749
4807,4.807,0.23026351009870574
4808,4.808,0.26798625944694165
4809,4.809,0.4325929680982534
4810,4.8100000000000005,0.4097464624936473
4811,4.811,0.895248273861038
4812,4.812,0.5360613348707185
4813,4.813,0.5510384048025658
4814,4.814,1.4164436646386387
4815,4.815,1.2370429682722262
4816,4.816,0.45154308888887673
4817,4.817,0.8399864046309723
4818,4.8180000000000005,1.1996486369143045
4819,4.819,1.2794380513482633
4820,4.82,0.788317225015291
4821,4.821,1.633790318311406
4822,4.822,1.5820037487575724
4823,4.823,1.524549253218797
4824,4.824,1.8297413370311155
4825,4.825,1.5982396348755288
4826,4.8260000000000005,1.6339360750089027
4827,4.827,2.0003572717735176
4828,4.828,1.893906669084893
4829,4.829,1.33829478913399
4830,4.83,1.8045644270743793
4831,4.831,1.4357812195304116
4832,4.832,1.803315446048503
4833,4.833,1.8085781627226951
4834,4.8340000000000005,1.2605730673865003
4835,4.835,1.6455603325119588
4836,4.836,1.7646718514471535
4837,4.837,1.5536776034165178
4838,4.838,1.7749567300112767
4839,4.839,1.9148319758084786
4840,4.84,1.652984575613286
4841,4.841,1.715274622711508
4842,4.8420000000000005,2.0453483093440648
4843,4.843,1.7514718411137007
4844,4.844,1.64579844456317
4845,4.845,1.2711024552418797
4846,4.846,1.7298452426802318
4847,4.847,1.5947374503580727
4848,4.848,1.8452291355499937
4849,4.849,1.4359692142667952
4850,4.8500000000000005,0.8363385301778684
4851,4.851,0.8281473203838785
4852,4.852,1.5136492883398793
4853,4.853,1.0745947429198455
4854,4.854,1.3274923720493406
4855,4.855,1.1798024227969353
4856,4.856,1.0429767237449004
4857,4.857,1.0102092797968774
4858,4.8580000000000005,0.7243535326362609
4859,4.859,0.9230265054014745
4860,4.86,0.6953127529199661
4861,4.861,0.7011723712885949
4862,4.862,0.65740735536473
4863,4.863,0.6277876357035036
4864,4.864,0.9135580012940743
4865,4.865,0.5390706420047352
4866,4.866,0.8263850702465221
4867,4.867,0.9222324705028987
4868,4.868,0.6594637593217452
4869,4.869,0.5060921742359142
4870,4.87,0.3873994433320143
4871,4.871,0.49353793515477073
4872,4.872,0.20645182323584862
4873,4.873,0.42200535058190225
4874,4.874,0.25927317950709505
4875,4.875,-0.08295517302469098
4876,4.876,0.2453815770790505
4877,4.877,-0.04250847722353495
4878,4.878,-0.14646862941344044
4879,4.8790000000000004,-0.30016068265977425
4880,4.88,-0.14806843808903375
4881,4.881,0.06267583533338511
4882,4.882,-0.005708745822900874
4883,4.883,-0.20017158784735006
4884,4.884,-0.15770820302755953
4885,4.885,0.014932875863639561
4886,4.886,-0.4380643258878706
4887,4.8870000000000005,-0.7516917076283394
4888,4.888,-0.048190088679567034
4889,4.889,-0.6163864990567127
4890,4.89,-0.6809371052369578
4891,4.891,-1.0265437071966392
4892,4.892,-0.32763091449974036
4893,4.893,-0.9942915995750434
4894,4.894,-0.7393167103138617
4895,4.8950000000000005,-0.3417380400245609
4896,4.896,-0.30324144564167527
4897,4.897,-0.7146367454561253
4898,4.898,-0.5564462444153709
4899,4.899,-0.7728961401843909
4900,4.9,-0.6684801099169179
4901,4.901,-0.41495536535730576
4902,4.902,-0.634284671672398
4903,4.9030000000000005,-0.5442400614460766
4904,4.904,-0.8958944715762607
4905,4.905,-0.10053756231806577
4906,4.906,-0.2698990236371158
4907,4.907,-0.16621637241053386
4908,4.908,0.0030708731854492965
4909,4.909,-0.6105175460831125
4910,4.91,-0.4484282324969817
4911,4.9110000000000005,-0.8865087001390719
4912,4.912,0.6475931446931458
4913,4.913,-0.3153469759055156
4914,4.914,0.06561114772994339
4915,4.915,-0.5927253198086967
4916,4.916,0.1025008456565592
4917,4.917,0.38572010699124837
4918,4.918,-0.1649176942774514
4919,4.9190000000000005,-0.42563888170162695
4920,4.92,-0.1399460115115434
4921,4.921,-0.7427836950300282
4922,4.922,-0.06320494796454582
4923,4.923,0.21661606622312712
4924,4.924,-0.019099210470440105
4925,4.925,-0.07328056147379082
4926,4.926,0.1894952186692425
4927,4.9270000000000005,0.23053096108211807
4928,4.928,-0.43180306939645496
4929,4.929,0.10832452858903531
4930,4.93,0.8265704877984074
4931,4.931,-0.292113017640569
4932,4.932,0.09384126478269018
4933,4.933,0.7114699542844128
4934,4.934,0.4680356055662849
4935,4.9350000000000005,-0.011079934202017278
4936,4.936,0.20922394262036154
4937,4.937,0.14945942434536272
4938,4.938,-0.07336862183194465
4939,4.939,0.12798068503604404
4940,4.94,0.06371423684151087
4941,4.941,0.1772297166015152
4942,4.942,-0.08713913021716452
4943,4.9430000000000005,-0.25334471231789785
4944,4.944,0.10784740146492995
4945,4.945,0.6237231149335216
4946,4.946,0.12121597298421802
4947,4.947,-0.01709097138268524
4948,4.948,0.29296941146235167
4949,4.949,0.002194888548453247
4950,4.95,0.5917105202376366
4951,4.9510000000000005,0.010477381186743262
4952,4.952,0.2009745356248555
4953,4.953,-0.2574697171253043
4954,4.954,0.09692909493571455
4955,4.955,0.0047223838488468645
4956,4.956,-0.11936372932505426
4957,4.957,-0.2782400239973938
4958,4.958,-0.3450106561299996
4959,4.9590000000000005,-0.09526404847457562
4960,4.96,-0.01802507276646448
4961,4.961,-0.27184935009905276
4962,4.962,-0.1746577461035398
4963,4.963,-0.2993808276786943
4964,4.964,-0.2855344839706272
4965,4.965,-0.40211669286451185
4966,4.966,-0.3631759127121171
4967,4.9670000000000005,0.4146762916543898
4968,4.968,-0.3268894872340699
4969,4.969,-0.25180496713232015
4970,4.97,-0.33826908863118244
4971,4.971,-0.5719720129134995
4972,4.972,-0.12745428904881995
4973,4.973,-0.6245063443927166
4974,4.974,-0.24104241730103
4975,4.9750000000000005,-0.6770361112326067
4976,4.976,-0.8827181708235248
4977,4.977,-0.5017262213899336
4978,4.978,-0.9579654931860639
4979,4.979,-0.4796351709904909
4980,4.98,-1.0108269465695008
4981,4.981,-0.7589778513089557
4982,4.982,-1.1018953509644622
4983,4.9830000000000005,0.16739985982335126
4984,4.984,-1.181859708793602
4985,4.985,-0.6868793167027016
4986,4.986,-0.3493032404996377
4987,4.987,-0.38216613514723896
4988,4.988,-0.43678711654747354
4989,4.989,-0.7847980659842357
4990,4.99,-0.28009338991703764
4991,4.9910000000000005,-0.4055699894467193
4992,4.992,-0.6084744942552419
4993,4.993,-0.5910171160276111
4994,4.994,-0.7438919032904084
4995,4.995,-0.9136848182923009
4996,4.996,-0.25632830878321994
4997,4.997,-0.2191720171542516
4998,4.998,-0.8621764438409207
4999,4.999,-0.6260146876449425
5000,5.0,-0.6047506856288101
5001,5.001,-0.5523622026795862
5002,5.002,-0.5032084245616208
5003,5.003,-0.21755653479053988
5004,5.0040000000000004,-0.7041856410876521
5005,5.005,-0.7117216494799379
5006,5.006,-0.06412765987668345
5007,5.007,-0.5508118940046938
5008,5.008,-0.767554950475438
5009,5.009,-0.5106440567372384
5010,5.01,-0.44053164691900404
5011,5.011,0.1484962174108122
5012,5.0120000000000005,-0.017203905497249483
5013,5.013,0.07264657450526446
5014,5.014,-0.00298975561093498
5015,5.015,0.05698991210403531
5016,5.016,-0.4118515041554881
5017,5.017,-0.2443048321523779
5018,5.018,-0.46185867858563223
5019,5.019,-0.2091591056288651
5020,5.0200000000000005,0.07701857152289199
5021,5.021,-0.0712090527670732
5022,5.022,0.2972229823258307
5023,5.023,-0.4246401510580871
5024,5.024,0.08041898613854451
5025,5.025,-0.4331043248817814
5026,5.026,-0.020920819887868577
5027,5.027,0.18069698405913617
5028,5.0280000000000005,-0.09971575633759934
5029,5.029,0.13422103170008645
5030,5.03,-0.31662945902234246
5031,5.031,-0.5272944919541817
5032,5.032,0.1375215565648998
5033,5.033,0.4902637362651976
5034,5.034,-0.3370798625374249
5035,5.035,0.3210742246224084
5036,5.0360000000000005,-0.041873433445598886
5037,5.037,-0.4669238632127752
5038,5.038,-0.41897677221485585
5039,5.039,-0.09007721639854674
5040,5.04,-0.23339596679306407
5041,5.041,-0.5251041203631261
5042,5.042,-0.6605071951607092
5043,5.043,-0.42922544692554715
5044,5.0440000000000005,-0.14178010292664958
5045,5.045,-0.2282981963384571
5046,5.046,-0.40488304743099474
5047,5.047,-0.22368788691204594
5048,5.048,-0.0035211866076618192
5049,5.049,-0.2300174363666446
5050,5.05,-0.4187379408313603
5051,5.051,-0.13928497646694937
5052,5.0520000000000005,-0.742196852016377
5053,5.053,-0.5593248870393608
5054,5.054,-0.5907487405692002
5055,5.055,-0.9409379715018078
5056,5.056,-0.7359870424111135
5057,5.057,-1.273312579071395
5058,5.058,-0.11847960992560169
5059,5.059,-1.0150532679309117
5060,5.0600000000000005,-0.2999563870079301
5061,5.061,-0.8064685723658017
5062,5.062,-0.6905554320132301
5063,5.063,-1.0486681387416255
5064,5.064,-0.8814310628003957
5065,5.065,-0.790089139861031
5066,5.066,-0.8268177360844831
5067,5.067,-0.8340987881879671
5068,5.0680000000000005,-1.216658337214374
5069,5.069,-1.2890573143924184
5070,5.07,-1.6610419200496134
5071,5.071,-1.0626003674249773
5072,5.072,-0.9304592226395059
5073,5.073,-0.8047110365379304
5074,5.074,-1.230912927211674
5075,5.075,-1.5838994944639602
5076,5.0760000000000005,-1.8930171089571248
5077,5.077,-1.0996783075950676
5078,5.078,-1.977629820688491
5079,5.079,-1.5657020389687868
5080,5.08,-1.5537253792724903
5081,5.081,-1.5282604027150473
5082,5.082,-1.5156976534439301
5083,5.083,-1.5019855486567673
5084,5.0840000000000005,-2.2829666524103245
5085,5.085,-1.566791929281386
5086,5.086,-2.2507693999191964
5087,5.087,-1.3707973660923671
5088,5.088,-1.7634127313121912
5089,5.089,-2.248240525567607
5090,5.09,-1.84749004106223
5091,5.091,-1.774205317549476
5092,5.0920000000000005,-1.2437992075914102
5093,5.093,-1.5377409282445371
5094,5.094,-1.4870502146468707
5095,5.095,-1.2276353502963848
5096,5.096,-1.6004751155539596
5097,5.097,-1.3330689934630877
5098,5.098,-1.3399822495862261
5099,5.099,-1.915082513986787
5100,5.1000000000000005,-1.069503687734489
5101,5.101,-1.9180781744124626
5102,5.102,-1.1957794362686966
5103,5.103,-1.9036122263726136
5104,5.104,-1.2442101760124926
5105,5.105,-0.8407829827557838
5106,5.106,-1.43681199362394
5107,5.107,-1.4222738327245037
5108,5.1080000000000005,-1.1336780757548066
5109,5.109,-1.3861754814704634
5110,5.11,-0.7116348272023271
5111,5.111,-1.168552124332304
5112,5.112,-1.290797269765483
5113,5.113,-1.3249310800525511
5114,5.114,-1.410509409972829
5115,5.115,-1.286529826765672
5116,5.1160000000000005,-1.1709014998761842
5117,5.117,-1.17952341121704
5118,5.118,-1.198370187602226
5119,5.119,-0.33922139663354356
5120,5.12,-1.246243715337488
5121,5.121,-0.8620652292084343
5122,5.122,-0.6977477408031705
5123,5.123,-0.6566380962209739
5124,5.124,-0.8342416610113065
5125,5.125,-0.8607837713236963
5126,5.126,-0.6260447737097298
5127,5.127,-0.6556052490966832
5128,5.128,-0.7885086618653446
5129,5.1290000000000004,-1.1559356558561809
5130,5.13,-0.805672495281032
5131,5.131,-0.9886312685928473
5132,5.132,-0.8257024816807412
5133,5.133,-0.5980580877388226
5134,5.134,-0.4845154892389539
5135,5.135,-0.04380552960882034
5136,5.136,-0.7267089534158384
5137,5.1370000000000005,-0.3224264851962967
5138,5.138,-0.4541693263313743
5139,5.139,-0.150145492260998
5140,5.14,-0.36092987982210145
5141,5.141,-0.8330784436254197
5142,5.142,-1.046074367866746
5143,5.143,-0.43630247414742296
5144,5.144,-0.6906271402966169
5145,5.1450000000000005,-0.8304775615420793
5146,5.146,-0.9228132374566093
5147,5.147,-0.5022467590626264
5148,5.148,-0.10804175592561321
5149,5.149,-0.6945520100848689
5150,5.15,-0.40820783939062555
5151,5.151,-0.6310052324278848
5152,5.152,-1.0038242835068463
5153,5.1530000000000005,-0.41484368859534015
5154,5.154,-0.9835056563509637
5155,5.155,-0.669890424731239
5156,5.156,-0.8015159873380158
5157,5.157,-0.45514685204642685
5158,5.158,-1.0657783853195104
5159,5.159,-0.6575085424700962
5160,5.16,-1.0542361525579822
5161,5.1610000000000005,-0.9841617099302813
5162,5.162,-1.9508416111344378
5163,5.163,-0.26293182555135075
5164,5.164,-0.7564111339463084
5165,5.165,-1.1834433070447798
5166,5.166,-1.3228466133453058
5167,5.167,-1.1668105795497539
5168,5.168,-0.8360781156648005
5169,5.1690000000000005,-1.6520581304737856
5170,5.17,-1.1603682222643625
5171,5.171,-0.6202356172096006
5172,5.172,-1.5251287510947442
5173,5.173,-1.1942349395542349
5174,5.174,-0.5905610724421695
5175,5.175,-1.094820884324377
5176,5.176,-1.2792232742238903
5177,5.1770000000000005,-1.1970804718091423
5178,5.178,-1.5008567989239514
5179,5.179,-1.0216091278679336
5180,5.18,-1.561498180314782
5181,5.181,-2.0588808004202503
5182,5.182,-1.61710154368854
5183,5.183,-1.8174068008828521
5184,5.184,-1.6384502883426253
5185,5.1850000000000005,-1.657495091039397
5186,5.186,-1.2451393771447012
5187,5.187,-1.4192445098867656
5188,5.188,-1.5711434825692296
5189,5.189,-1.672082168921909
5190,5.19,-2.008680382289348
5191,5.191,-2.363918056469697
5192,5.192,-1.692851803670704
5193,5.1930000000000005,-1.5043120414899325
5194,5.194,-1.7897626100085262
5195,5.195,-1.9309181081205395
5196,5.196,-1.6429444022259347
5197,5.197,-1.817759004960635
5198,5.198,-1.296133176722955
5199,5.199,-1.439774050406657
5200,5.2,-1.5281259126883904
5201,5.2010000000000005,-1.5937084489074762
5202,5.202,-2.211812925356449
5203,5.203,-1.628305396496265
5204,5.204,-1.7154803280138462
5205,5.205,-1.6463898536190087
5206,5.206,-1.6792724424394863
5207,5.207,-1.688801084857162
5208,5.208,-1.0108219446586841
5209,5.2090000000000005,-1.8393109598933433
5210,5.21,-1.5298954632735835
5211,5.211,-1.9454523689667647
5212,5.212,-1.5593906856009998
5213,5.213,-1.5063377230604051
5214,5.214,-1.6695349249418092
5215,5.215,-1.2680536839553707
5216,5.216,-2.0233704563363015
5217,5.2170000000000005,-1.89286880209959
5218,5.218,-1.6710195020252017
5219,5.219,-1.458000524240859
5220,5.22,-1.6554632715519164
5221,5.221,-1.310217223000919
5222,5.222,-1.880770809161341
5223,5.223,-2.010485130300074
5224,5.224,-1.5617119999247935
5225,5.2250000000000005,-1.6629964769158747
5226,5.226,-1.4625891676631424
5227,5.227,-1.619248904280231
5228,5.228,-1.698647011000421
5229,5.229,-1.6048256527696485
5230,5.23,-1.5595394674954441
5231,5.231,-1.6457390249367894
5232,5.232,-1.6014879301089981
5233,5.2330000000000005,-1.6482336089013456
5234,5.234,-1.2571152519304478
5235,5.235,-1.4432655529823284
5236,5.236,-0.8122446633594492
5237,5.237,-1.4293401634219347
5238,5.238,-1.6316109486193953
5239,5.239,-0.6545101163665002
5240,5.24,-1.3215736970460308
5241,5.2410000000000005,-1.1391930989767496
5242,5.242,-1.2498159026374567
5243,5.243,-1.232431453463589
5244,5.244,-1.251219616176777
5245,5.245,-1.7358337957785543
5246,5.246,-1.2889692619285802
5247,5.247,-1.7914453122395624
5248,5.248,-1.4418035740436108
5249,5.249,-1.6034431256411712
5250,5.25,-1.275538944654288
5251,5.251,-1.2803238847767675
5252,5.252,-1.2347572667725306
5253,5.253,-1.2922039521988906
5254,5.2540000000000004,-1.560477427567849
5255,5.255,-1.4575025539722455
5256,5.256,-1.1045763508123434
5257,5.257,-1.0625386770976046
5258,5.258,-1.7298203083626653
5259,5.259,-1.8486227669940392
5260,5.26,-1.6116178386161393
5261,5.261,-1.0848187733909853
5262,5.2620000000000005,-1.0393434748658654
5263,5.263,-1.6872198590291818
5264,5.264,-1.3241517984297284
5265,5.265,-0.8730634303790537
5266,5.266,-1.306325377269373
5267,5.267,-1.0124382077309155
5268,5.268,-1.1476515079216867
5269,5.269,-1.729083874020883
5270,5.2700000000000005,-1.5221117536256215
5271,5.271,-1.464085456040227
5272,5.272,-1.4529302804627684
5273,5.273,-1.2191563815573077
5274,5.274,-1.3815227089013173
5275,5.275,-2.3952117353398372
5276,5.276,-1.9185390990622386
5277,5.277,-2.1913113116353764
5278,5.2780000000000005,-1.4929344801628526
5279,5.279,-1.4838447767757241
5280,5.28,-1.4814342149210986
5281,5.281,-1.8644187580977616
5282,5.282,-1.3847287762524203
5283,5.283,-1.3821841995742894
5284,5.284,-1.983525135229784
5285,5.285,-2.056504250621939
5286,5.2860000000000005,-1.6262092834321753
5287,5.287,-1.097847787618992
5288,5.288,-1.1343806174165243
5289,5.289,-1.4838855212178397
5290,5.29,-1.8801674269682314
5291,5.291,-1.4030129396916489
5292,5.292,-1.8123053423308388
5293,5.293,-1.9139386589769378
5294,5.2940000000000005,-2.3335642916367942
5295,5.295,-1.665911485200168
5296,5.296,-1.891389449655534
5297,5.297,-1.6788434411925184
5298,5.298,-2.402454445167033
5299,5.299,-1.666098115754136
5300,5.3,-2.4503010561706686
5301,5.301,-1.398018120752589
5302,5.3020000000000005,-1.570784589893795
5303,5.303,-1.8134208735306474
5304,5.304,-1.5629961844191553
5305,5.305,-2.0267518710086057
5306,5.306,-1.7126686685423018
5307,5.307,-1.4965446193467349
5308,5.308,-2.663414305051882
5309,5.309,-1.8690140140735751
5310,5.3100000000000005,-1.7409426950132068
5311,5.311,-1.7919407128616127
5312,5.312,-1.2944442024874119
5313,5.313,-2.066906298804031
5314,5.314,-1.9139056980749245
5315,5.315,-2.2998244567324004
5316,5.316,-1.26919189755627
5317,5.317,-1.7931131186639468
5318,5.3180000000000005,-1.8474578420379684
5319,5.319,-1.728177931258363
5320,5.32,-1.517878064265276
5321,5.321,-1.600702936933977
5322,5.322,-0.9065877481343695
5323,5.323,-1.560722269437363
5324,5.324,-1.8323672107593592
5325,5.325,-1.8570635963584368
5326,5.3260000000000005,-1.8023518758968655
5327,5.327,-2.130979806710301
5328,5.328,-1.664443235733161
5329,5.329,-1.437437248792458
5330,5.33,-1.8526952968367187
5331,5.331,-1.9072736930609704
5332,5.332,-1.2068455933557267
5333,5.333,-2.08637001073669
5334,5.3340000000000005,-2.2758226981016936
5335,5.335,-1.9986849612793969
5336,5.336,-2.1125943660254474
5337,5.337,-1.5325867103228001
5338,5.338,-1.755021298912963
5339,5.339,-1.7114612586259785
5340,5.34,-1.298832801618406
5341,5.341,-1.8517055735503674
5342,5.3420000000000005,-1.4118243488516249
5343,5.343,-1.1914725520528657
5344,5.344,-1.782574925333876
5345,5.345,-1.4262792300317393
5346,5.346,-1.7219571481570781
5347,5.347,-1.374734473999702
5348,5.348,-2.1264978963222556
5349,5.349,-2.152333682146233
5350,5.3500000000000005,-1.78023525378648
5351,5.351,-1.9342556276722203
5352,5.352,-1.8278625332849887
5353,5.353,-1.7445255956312635
5354,5.354,-1.4690231877961641
5355,5.355,-1.8142202142356
5356,5.356,-1.9465015165486919
5357,5.357,-1.8127334026094664
5358,5.3580000000000005,-1.9464611072227214
5359,5.359,-2.0048436752071983
5360,5.36,-2.2179402884391552
5361,5.361,-1.7230339920509727
5362,5.362,-1.9247584727689808
5363,5.363,-1.4749358158077914
5364,5.364,-2.210088546223588
5365,5.365,-1.9498950758533986
5366,5.3660000000000005,-1.2551187751533954
5367,5.367,-2.092884316761199
5368,5.368,-1.8942289046339065
5369,5.369,-2.2005124122356388
5370,5.37,-2.252965079436309
5371,5.371,-1.3970716984848053
5372,5.372,-1.8228939756496754
5373,5.373,-1.8471167571300817
5374,5.3740000000000006,-2.409163835150516
5375,5.375,-1.8056885507961438
5376,5.376,-1.5790787098545438
5377,5.377,-1.5943672495328736
5378,5.378,-1.7514843398015365
5379,5.3790000000000004,-2.30343075514493
5380,5.38,-1.8830336276265818
5381,5.381,-1.7888236539021218
5382,5.382,-2.5392620572830653
5383,5.383,-2.3488029498929954
5384,5.384,-1.7570817434657813
5385,5.385,-1.7714051589053756
5386,5.386,-2.509025082622845
5387,5.3870000000000005,-1.815678678597544
5388,5.388,-2.0347962793413013
5389,5.389,-1.8377189991005296
5390,5.39,-2.270411171016704
5391,5.391,-1.8938996879601062
5392,5.392,-1.8410429236210226
5393,5.393,-2.205637633204399
5394,5.394,-2.100239748297464
5395,5.3950000000000005,-2.304709291048238
5396,5.396,-1.6184857987194106
5397,5.397,-2.153101994761434
5398,5.398,-2.3958722387126983
5399,5.399,-2.33544477221327
5400,5.4,-2.0832739922414425
5401,5.401,-1.895081430545169
5402,5.402,-2.5207659858180196
5403,5.4030000000000005,-1.563815566635761
5404,5.404,-2.022764922608371
5405,5.405,-1.9718457016008384
5406,5.406,-2.1365210372476273
5407,5.407,-2.0963434564801835
5408,5.408,-2.1405498793052598
5409,5.409,-1.7838712025586594
5410,5.41,-2.0839522281303045
5411,5.4110000000000005,-1.843061044980562
5412,5.412,-2.1941946331119375
5413,5.413,-1.9955000488558121
5414,5.414,-2.2848361486427877
5415,5.415,-1.667516463686421
5416,5.416,-2.2707945984011046
5417,5.417,-2.105776321513048
5418,5.418,-2.0898375067032626
5419,5.4190000000000005,-2.088096967609036
5420,5.42,-1.7512627503327842
5421,5.421,-2.0486908972757383
5422,5.422,-1.5208266067755332
5423,5.423,-2.1695329588470367
5424,5.424,-1.857888924934984
5425,5.425,-2.12592542681969
5426,5.426,-1.7512125472955513
5427,5.4270000000000005,-1.8664838052812622
5428,5.428,-1.892344944468779
5429,5.429,-1.4733979373651171
5430,5.43,-2.010397782781176
5431,5.431,-1.62239034443009
5432,5.432,-2.0134315213862224
5433,5.433,-1.733539466954824
5434,5.434,-2.1108752911996125
5435,5.4350000000000005,-1.9361243727422142
5436,5.436,-1.74753935179587
5437,5.437,-1.164440290871993
5438,5.438,-1.664993316349876
5439,5.439,-1.1857422165383165
5440,5.44,-1.6035090519314545
5441,5.441,-1.7737941789796232
5442,5.442,-1.184566763035636
5443,5.4430000000000005,-1.5046553972648788
5444,5.444,-1.8186841028424536
5445,5.445,-1.475558396883582
5446,5.446,-1.6961583464558365
5447,5.447,-2.197557924913103
5448,5.448,-1.3133679435963748
5449,5.449,-1.2598601243805392
5450,5.45,-1.0320269603395353
5451,5.4510000000000005,-1.4527417346024405
5452,5.452,-1.6508970784680765
5453,5.453,-1.323608810643019
5454,5.454,-1.3179224279854767
5455,5.455,-1.0810877668134906
5456,5.456,-1.5866044599536817
5457,5.457,-1.6244705513888293
5458,5.458,-1.7919700553516358
5459,5.4590000000000005,-1.4194960913267498
5460,5.46,-2.0495446671555904
5461,5.461,-1.357456652944497
5462,5.462,-1.4200125563372998
5463,5.463,-1.4277606291688367
5464,5.464,-1.569542559387236
5465,5.465,-1.1596231415819163
5466,5.466,-1.3671681406460785
5467,5.4670000000000005,-1.8208439653566328
5468,5.468,-1.826093279573442
5469,5.469,-1.9244808852307873
5470,5.47,-1.507007008845079
5471,5.471,-1.9847722616741486
5472,5.472,-1.372525770958958
5473,5.473,-1.3138853578799727
5474,5.474,-1.988082240474267
5475,5.4750000000000005,-1.7939512842003913
5476,5.476,-1.7474609600720343
5477,5.477,-1.5016045676301593
5478,5.478,-1.298480039083783
5479,5.479,-2.3014843381363796
5480,5.48,-1.905852646494
5481,5.481,-1.9047113975921375
5482,5.482,-2.2594992935099953
5483,5.4830000000000005,-1.9990453115319526
5484,5.484,-1.7391560762619034
5485,5.485,-1.964764516275784
5486,5.486,-2.3578609900648484
5487,5.487,-1.045144582696755
5488,5.488,-1.839934410173146
5489,5.489,-1.8981658538541188
5490,5.49,-2.2723524779993536
5491,5.4910000000000005,-1.8754256713435484
5492,5.492,-2.0128777366013497
5493,5.493,-2.5394130399496984
5494,5.494,-2.3023973494052097
5495,5.495,-1.750488797886118
5496,5.496,-1.412550405146558
5497,5.497,-1.8915037147658755
5498,5.498,-1.6757033182326118
5499,5.4990000000000006,-2.057379589454671
5500,5.5,-2.03966741546744
5501,5.501,-1.6884663160927735
5502,5.502,-1.5179731653870103
5503,5.503,-1.6265015902373372
5504,5.5040000000000004,-2.335733872888123
5505,5.505,-2.0338734625594723
5506,5.506,-1.92745635960431
5507,5.507,-2.084517150067046
5508,5.508,-1.8851377049189049
5509,5.509,-1.74919780246184
5510,5.51,-1.6874161827595937
5511,5.511,-1.4744206359562608
5512,5.5120000000000005,-2.069996980378957
5513,5.513,-2.3704481263212616
5514,5.514,-1.842966047190143
5515,5.515,-1.3736541327412648
5516,5.516,-2.069455798100215
5517,5.517,-1.7071245675910376
5518,5.518,-1.6905694830153006
5519,5.519,-1.8273263314593202
5520,5.5200000000000005,-1.8675537720023998
5521,5.521,-2.1309969963912723
5522,5.522,-2.522329718417206
5523,5.523,-2.1548385052929526
5524,5.524,-1.9214818649710568
5525,5.525,-1.4579941034136585
5526,5.526,-1.8007821988007167
5527,5.527,-1.9080380939488097
5528,5.5280000000000005,-2.0020487455631084
5529,5.529,-1.5201436340772647
5530,5.53,-1.2921941472928922
5531,5.531,-1.3633446791884936
5532,5.532,-1.4834374502809398
5533,5.533,-2.0911805511464068
5534,5.534,-1.7375948712823432
5535,5.535,-1.031952081890907
5536,5.5360000000000005,-1.2641361990187954
5537,5.537,-2.0471486142825595
5538,5.538,-1.588418891924675
5539,5.539,-1.4493916888244796
5540,5.54,-1.7743491136669713
5541,5.541,-2.226707078035942
5542,5.542,-1.4934672963573785
5543,5.543,-1.749592447383622
5544,5.5440000000000005,-1.7396040912990807
5545,5.545,-1.6031293371415474
5546,5.546,-1.5302360257984877
5547,5.547,-1.487443948728618
5548,5.548,-1.7457192247704285
5549,5.549,-1.5436407834309127
5550,5.55,-2.003143990566581
5551,5.551,-1.3822540274863266
5552,5.5520000000000005,-2.3334285064144074
5553,5.553,-1.565721269086259
5554,5.554,-1.2068069464147642
5555,5.555,-1.8054206978694944
5556,5.556,-1.279114184708418
5557,5.557,-1.1551140269688422
5558,5.558,-2.503351893530735
5559,5.559,-1.5668827777675
5560,5.5600000000000005,-2.396023152603326
5561,5.561,-1.5818722271438364
5562,5.562,-1.562951992701807
5563,5.563,-2.3211930803133862
5564,5.564,-1.0158069127096976
5565,5.565,-1.5254375607527935
5566,5.566,-1.8850398317178956
5567,5.567,-1.2108626975085415
5568,5.5680000000000005,-2.2102995249521227
5569,5.569,-2.0624389323932344
5570,5.57,-2.4064629063934593
5571,5.571,-1.2000474154705127
5572,5.572,-1.665113628380484
5573,5.573,-1.5920975772090797
5574,5.574,-1.7252811554234466
5575,5.575,-1.6695931788371379
5576,5.5760000000000005,-1.8448336400410617
5577,5.577,-1.8138157897971812
5578,5.578,-1.8898562265873973
5579,5.579,-2.1318757224316105
5580,5.58,-1.9904667171627795
5581,5.581,-1.921505127585701
5582,5.582,-1.9973479087719141
5583,5.583,-2.5004994047329725
5584,5.5840000000000005,-2.486945474228164
5585,5.585,-1.7844057730178573
5586,5.586,-2.22659281885148
5587,5.587,-1.9836422347732294
5588,5.588,-2.5104918790185033
5589,5.589,-2.64772973870038
5590,5.59,-2.480833691353697
5591,5.591,-2.3154380942341097
5592,5.5920000000000005,-2.4679782605953595
5593,5.593,-1.898788481757867
5594,5.594,-2.2503224676441866
5595,5.595,-1.76530416658583
5596,5.596,-2.212985129062298
5597,5.597,-3.0708339393167003
5598,5.598,-2.0413842753025544
5599,5.599,-2.8204890435081005
5600,5.6000000000000005,-2.306125174507868
5601,5.601,-2.613527936541184
5602,5.602,-1.7422682368595561
5603,5.603,-1.9552330937409603
5604,5.604,-2.6097176497908317
5605,5.605,-2.42342719584874
5606,5.606,-2.307845348662497
5607,5.607,-2.116134578248648
5608,5.6080000000000005,-2.358254997979502
5609,5.609,-2.664203118427548
5610,5.61,-2.5596192567234826
5611,5.611,-2.33119294114924
5612,5.612,-1.9428907528676083
5613,5.613,-2.166147869160036
5614,5.614,-2.5057025160430264
5615,5.615,-2.0562742040071926
5616,5.6160000000000005,-2.3419466832985596
5617,5.617,-1.9317854377502042
5618,5.618,-1.4118931100351562
5619,5.619,-2.2468107902270527
5620,5.62,-1.865978671798301
5621,5.621,-2.29556458916734
5622,5.622,-2.0693652039781982
5623,5.623,-1.9888796800942752
5624,5.6240000000000006,-2.0163137040673615
5625,5.625,-1.1782430931703098
5626,5.626,-1.9666275477382988
5627,5.627,-1.6547507599068485
5628,5.628,-2.3647380234604825
5629,5.6290000000000004,-1.609867249377099
5630,5.63,-1.3495561226670176
5631,5.631,-1.8022173986677075
5632,5.632,-2.3479409317140183
5633,5.633,-1.5566906034220906
5634,5.634,-1.4895626899828855
5635,5.635,-1.2266400876239394
5636,5.636,-0.789380810694474
5637,5.6370000000000005,-1.4552257234426746
5638,5.638,-1.5465489077118124
5639,5.639,-1.5882131156868287
5640,5.64,-1.127340519807851
5641,5.641,-0.9918644321098998
5642,5.642,-1.2486837946035634
5643,5.643,-0.8012382503043889
5644,5.644,-0.845752377993295
5645,5.6450000000000005,-0.9237197227342487
5646,5.646,-1.1596597689636825
5647,5.647,-0.9867912270454398
5648,5.648,-1.5256297402950763
5649,5.649,-0.6817349471471084
5650,5.65,-0.7017528853969989
5651,5.651,-0.6118288650784389
5652,5.652,-0.47744090105326165
5653,5.6530000000000005,-0.4751111777664335
5654,5.654,-0.5879570342107718
5655,5.655,-0.5061919650963229
5656,5.656,-0.9101014936281162
5657,5.657,-0.6340942624721781
5658,5.658,-0.4162540759570228
5659,5.659,-0.6268979641598635
5660,5.66,-0.1252502759648474
5661,5.6610000000000005,-0.5605181990046189
5662,5.662,-0.2802159091310273
5663,5.663,-0.2949230994664884
5664,5.664,-0.09345525855230533
5665,5.665,-0.03725516217338992
5666,5.666,-0.09218614606140432
5667,5.667,-0.9278851429301036
5668,5.668,0.0636621877863629
5669,5.6690000000000005,0.16227885321946178
5670,5.67,-0.44472839767004935
5671,5.671,-0.23612736415270144
5672,5.672,-0.5842536615345182
5673,5.673,-0.9142452399951022
5674,5.674,-0.5669038645084926
5675,5.675,-0.5256967604177116
5676,5.676,-0.4912551689477845
5677,5.6770000000000005,-0.6963620981295712
5678,5.678,-0.6553032210566652
5679,5.679,-0.46781515687600483
5680,5.68,-0.7274117958934135
5681,5.681,-0.36764601967694266
5682,5.682,-0.36302364383252195
5683,5.683,0.10739379477020905
5684,5.684,-0.3105183882869738
5685,5.6850000000000005,-0.6190013086956611
5686,5.686,-0.9238363513996574
5687,5.687,-0.6974719294431126
5688,5.688,-0.7373644405218155
5689,5.689,-1.0408808210444296
5690,5.69,-0.7049912851415108
5691,5.691,-1.414322921000244
5692,5.692,-1.1244297065186557
5693,5.6930000000000005,-0.9418721640879353
5694,5.694,-1.2535950353998246
5695,5.695,-1.2890692483760893
5696,5.696,-1.3289945600477526
5697,5.697,-1.5997045933346032
5698,5.698,-1.0588231651555997
5699,5.699,-1.7788298277001768
5700,5.7,-1.4407018652826629
5701,5.7010000000000005,-1.4749411832880646
5702,5.702,-1.9465103168500435
5703,5.703,-1.7027297393609868
5704,5.704,-2.0599833661156643
5705,5.705,-1.4317554028638655
5706,5.706,-2.252065809125675
5707,5.707,-2.167198492550475
5708,5.708,-2.3979793075377365
5709,5.7090000000000005,-2.496637632225821
5710,5.71,-1.6693649426751636
5711,5.711,-2.0399376206354582
5712,5.712,-2.215217621116207
5713,5.713,-2.5071684867656017
5714,5.714,-2.0890178917945517
5715,5.715,-2.657756168964466
5716,5.716,-2.2195371300041464
5717,5.7170000000000005,-2.764346932851667
5718,5.718,-2.7386137801300174
5719,5.719,-2.3580308651069437
5720,5.72,-2.3640956387889402
5721,5.721,-2.4790976623947696
5722,5.722,-3.005603803679047
5723,5.723,-2.8542527162922697
5724,5.724,-2.6997800062357205
5725,5.7250000000000005,-3.0252479093829256
5726,5.726,-2.379711463934082
5727,5.727,-3.528974102251456
5728,5.728,-3.0561919316650004
5729,5.729,-2.9863547535411374
5730,5.73,-3.694268841343203
5731,5.731,-3.2642005197469617
5732,5.732,-2.658602404808279
5733,5.7330000000000005,-2.8345469743063894
5734,5.734,-2.3657009127945337
5735,5.735,-2.3646394959302413
5736,5.736,-2.6854122246255727
5737,5.737,-2.7050310709242864
5738,5.738,-2.7594697858756714
5739,5.739,-3.552610683477107
5740,5.74,-3.1479092260221417
5741,5.7410000000000005,-2.6694479756699176
5742,5.742,-2.4816493697631734
5743,5.743,-2.5431105677813166
5744,5.744,-2.858111607315386
5745,5.745,-2.2663825313573933
5746,5.746,-2.0570478960876866
5747,5.747,-2.171585026353066
5748,5.748,-2.104413605745175
5749,5.7490000000000006,-2.514576597884833
5750,5.75,-1.9668477669473496
5751,5.751,-2.1861292461855264
5752,5.752,-2.014140732936118
5753,5.753,-1.9933679312595372
5754,5.7540000000000004,-2.072596600076572
5755,5.755,-2.2251957028659457
5756,5.756,-1.9209055560308952
5757,5.757000000000001,-1.5274690582930135
5758,5.758,-1.8814793305461537
5759,5.759,-1.4050242526283572
5760,5.76,-1.3745023534100125
5761,5.761,-1.6066570743165092
5762,5.7620000000000005,-1.0206022715932077
5763,5.763,-1.463246593148404
5764,5.764,-0.8222947303451059
5765,5.765,-1.0628968796339253
5766,5.766,-1.1154366509360962
5767,5.767,-1.294291917936968
5768,5.768,-0.9716048512789626
5769,5.769,-0.9234990275159872
5770,5.7700000000000005,-1.1573422228663557
5771,5.771,-0.7630262338537916
5772,5.772,-0.8573448709195658
5773,5.773,-0.3596095999706749
5774,5.774,-0.0636326802340334
5775,5.775,-0.7447715863473368
5776,5.776,0.21458316314249304
5777,5.777,-0.2614783888844465
5778,5.7780000000000005,-0.440771754028017
5779,5.779,0.15200691234077288
5780,5.78,-0.1381621215034914
5781,5.781,0.04034850572848069
5782,5.782,0.010540567371663409
5783,5.783,-0.048521460663214055
5784,5.784,0.4759630528434965
5785,5.785,0.23259748186148876
5786,5.7860000000000005,-0.0554466818558339
5787,5.787,0.595147433412577
5788,5.788,0.11954320255891443
5789,5.789,0.18363075495635123
5790,5.79,0.9326846297292769
5791,5.791,0.25810497140144095
5792,5.792,-0.039098309811146925
5793,5.793,0.878166511162933
5794,5.7940000000000005,0.6321943734289357
5795,5.795,0.6866095071881054
5796,5.796,0.6825580764973437
5797,5.797,0.8678104825061448
5798,5.798,0.5902513817023581
5799,5.799,1.2729804446376283
5800,5.8,0.3976493762317309
5801,5.801,0.9806275432240409
5802,5.8020000000000005,1.042710030480068
5803,5.803,0.6213449049403375
5804,5.804,0.537548608003015
5805,5.805,1.1415231020030243
5806,5.806,0.5271072730465796
5807,5.807,0.6266808721815693
5808,5.808,1.0555420112724754
5809,5.809,0.7768381082572702
5810,5.8100000000000005,0.20078615940531097
5811,5.811,1.23406500547304
5812,5.812,0.5175311875160457
5813,5.813,0.5189353592483783
5814,5.814,0.6764457646845927
5815,5.815,0.7439869570277263
5816,5.816,1.0984464566212697
5817,5.817,-0.0372573962735962
5818,5.8180000000000005,0.6562982886513851
5819,5.819,0.5763779270953782
5820,5.82,0.25461768973432325
5821,5.821,0.47169368076465196
5822,5.822,0.45311829368171086
5823,5.823,-0.30671521600802837
5824,5.824,0.5656918220804968
5825,5.825,-0.4959856131703392
5826,5.8260000000000005,-0.4399312359935336
5827,5.827,-0.2505622890791856
5828,5.828,0.33121032843839693
5829,5.829,-0.41439351524077706
5830,5.83,-0.4083799072079074
5831,5.831,-0.047134848483555536
5832,5.832,-0.6457226362806474
5833,5.833,-0.9887696093469576
5834,5.8340000000000005,-0.8405939466380025
5835,5.835,-0.38477383719119945
5836,5.836,-0.8555712303920542
5837,5.837,-0.37851181151952773
5838,5.838,-0.8170940006972891
5839,5.839,-1.3123963751484036
5840,5.84,-1.1836517650334724
5841,5.841,-1.5343311819115397
5842,5.8420000000000005,-1.5574862526902673
5843,5.843,-0.09085188266643374
5844,5.844,-1.2054732102249583
5845,5.845,-1.3279115266495773
5846,5.846,-1.8469090117782074
5847,5.847,-1.261166638122449
5848,5.848,-1.472519327610683
5849,5.849,-1.3062205013815222
5850,5.8500000000000005,-1.3870453356193773
5851,5.851,-2.4447418105767538
5852,5.852,-2.3956221550147756
5853,5.853,-2.422943295217004
5854,5.854,-2.46147336690965
5855,5.855,-2.134958462274299
5856,5.856,-2.452833400313137
5857,5.857,-1.7087880881805582
5858,5.8580000000000005,-1.8038036756012386
5859,5.859,-2.418544366738352
5860,5.86,-1.8680642458290218
5861,5.861,-2.0428420023735465
5862,5.862,-2.6555913445479575
5863,5.863,-3.1506370711221257
5864,5.864,-2.637078501028933
5865,5.865,-2.78514597510076
5866,5.8660000000000005,-2.5460754706974646
5867,5.867,-2.5936709764952237
5868,5.868,-2.6100464543735193
5869,5.869,-2.476421711924023
5870,5.87,-2.9978930028785413
5871,5.871,-2.507350116860281
5872,5.872,-2.75526377490979
5873,5.873,-2.5519983079312607
5874,5.8740000000000006,-2.3093796799665363
5875,5.875,-2.944538156943042
5876,5.876,-2.638246133058609
5877,5.877,-2.5621086309176024
5878,5.878,-2.6496041571313516
5879,5.8790000000000004,-2.190276723673027
5880,5.88,-2.6374213147382775
5881,5.881,-2.545239261101312
5882,5.882000000000001,-2.5452100585798965
5883,5.883,-1.9546071424160498
5884,5.884,-2.3764017219107716
5885,5.885,-2.033643334299884
5886,5.886,-1.5185734185411952
5887,5.8870000000000005,-2.0701009783608035
5888,5.888,-1.647260246192809
5889,5.889,-1.409664545713928
5890,5.89,-1.5301984229554153
5891,5.891,-1.7679041244499136
5892,5.892,-1.4920981022020852
5893,5.893,-1.9903117029609634
5894,5.894,-1.7551276396318554
5895,5.8950000000000005,-1.6173360471501377
5896,5.896,-0.6765294630615384
5897,5.897,-1.5033923646669454
5898,5.898,-1.4170563794322244
5899,5.899,-1.3896508711884068
5900,5.9,-0.8148335967697331
5901,5.901,-0.8451146938687809
5902,5.902,-0.4660022808873378
5903,5.9030000000000005,-0.49397222333181434
5904,5.904,-1.0121675353545674
5905,5.905,-0.7425059426651444
5906,5.906,0.00723928501801363
5907,5.907,-0.3653448392946361
5908,5.908,0.14977117073670787
5909,5.909,-0.1539130164760852
5910,5.91,-0.3023560105552906
5911,5.9110000000000005,-0.006832169004563696
5912,5.912,-0.11100419583445076
5913,5.913,0.10387412518112757
5914,5.914,0.4266177943954427
5915,5.915,0.6111008466316562
5916,5.916,0.07013068794310034
5917,5.917,0.6296490469989029
5918,5.918,0.5444648346280347
5919,5.9190000000000005,0.6092535945799994
5920,5.92,0.924473822944666
5921,5.921,0.7978130556854202
5922,5.922,1.4530925670069361
5923,5.923,1.4674323735996941
5924,5.924,1.535028277512952
5925,5.925,1.0982252033068824
5926,5.926,1.0207750264376054
5927,5.9270000000000005,1.3934301207572242
5928,5.928,1.3793522721804858
5929,5.929,1.2936611369856916
5930,5.93,1.1715389040116901
5931,5.931,1.5557470495881458
5932,5.932,1.4868173802326954
5933,5.933,1.850179806773961
5934,5.934,1.874564712620549
5935,5.9350000000000005,2.0322769151764706
5936,5.936,1.3468357877208064
5937,5.937,1.863058949369523
5938,5.938,1.5381041833758988
5939,5.939,1.3992733812517804
5940,5.94,1.641298031708018
5941,5.941,2.0903848162465577
5942,5.942,1.65338261263442
5943,5.9430000000000005,2.2254365564228316
5944,5.944,1.9066205745384717
5945,5.945,1.6053496877458808
5946,5.946,2.048712812584481
5947,5.947,1.8069896492124844
5948,5.948,1.3618857669441309
5949,5.949,2.1632581693417707
5950,5.95,1.6431862021562165
5951,5.9510000000000005,1.5265587605200066
5952,5.952,1.2157905044259045
5953,5.953,1.7739060502605197
5954,5.954,1.5190058593297038
5955,5.955,1.4926877817526922
5956,5.956,1.0882037510608136
5957,5.957,1.4238421578804505
5958,5.958,1.3770638597993563
5959,5.9590000000000005,0.8297183834713704
5960,5.96,0.5291844877727896
5961,5.961,1.0499016826265957
5962,5.962,0.3221606758773861
5963,5.963,0.7561062743725027
5964,5.964,0.49052798222735483
5965,5.965,0.9025715752684448
5966,5.966,0.32967264892033843
5967,5.9670000000000005,0.6887625473874173
5968,5.968,0.11009586302027921
5969,5.969,0.4710833102213237
5970,5.97,0.6950944877328591
5971,5.971,-0.3381051632685064
5972,5.972,-0.025117947024585294
5973,5.973,0.6167499426504728
5974,5.974,-0.28294554852584014
5975,5.9750000000000005,-0.37906677984634635
5976,5.976,-0.255140782634945
5977,5.977,-0.5726227919309521
5978,5.978,-1.1893054038552617
5979,5.979,-0.428342474493939
5980,5.98,-1.4582739522354178
5981,5.981,-1.070029639482951
5982,5.982,-0.6683852114382438
5983,5.9830000000000005,-1.220995016614545
5984,5.984,-1.4031446031690349
5985,5.985,-1.0096348742383885
5986,5.986,-1.6042990224596507
5987,5.987,-1.7881587957099967
5988,5.988,-1.4084503481231379
5989,5.989,-1.6116007277462059
5990,5.99,-1.9921775997440632
5991,5.9910000000000005,-1.4866103004908147
5992,5.992,-1.5930835811462012
5993,5.993,-1.891058144574131
5994,5.994,-1.9170656252853062
5995,5.995,-1.7307902722921626
5996,5.996,-1.5526353237420119
5997,5.997,-2.0279079988569406
5998,5.998,-1.7753889135015815
5999,5.9990000000000006,-1.8262802064106802
6000,6.0,-1.7513445061624249
6001,6.001,-2.017836392514226
6002,6.002,-2.3129720990171303
6003,6.003,-2.1827916376712264
6004,6.0040000000000004,-1.941057404797006
6005,6.005,-1.4933444489692056
6006,6.006,-2.1741661393462235
6007,6.007000000000001,-1.772726839650689
6008,6.008,-2.0929420366510088
6009,6.009,-1.9369512410045586
6010,6.01,-1.4863024226362214
6011,6.011,-1.6777965475916905
6012,6.0120000000000005,-2.2410529844264637
6013,6.013,-1.997495324773452
6014,6.014,-1.4015932627141157
6015,6.015000000000001,-1.6843383232036833
6016,6.016,-2.0158602257015525
6017,6.017,-1.8572047497470057
6018,6.018,-1.3369365938596616
6019,6.019,-1.1824424800518798
6020,6.0200000000000005,-1.4046752339462953
6021,6.021,-0.5933684838106849
6022,6.022,-1.011500078389493
6023,6.023,-1.2516215676131872
6024,6.024,-1.3403723108677017
6025,6.025,-1.3026713155259118
6026,6.026,-0.8218043242610019
6027,6.027,-0.9791903829345646
6028,6.0280000000000005,-0.2386903959901745
6029,6.029,-0.207538312653489
6030,6.03,-0.3627285419005083
6031,6.031,-0.8104017741711006
6032,6.032,-0.5615027276278077
6033,6.033,0.11440852079250086
6034,6.034,-0.33324074040911084
6035,6.035,0.27048162843063595
6036,6.0360000000000005,0.17432125662159678
6037,6.037,0.1452531907313892
6038,6.038,0.016139925655466236
6039,6.039,0.29518250424797676
6040,6.04,0.4757926200879272
6041,6.041,0.822845583719505
6042,6.042,0.3400627644253912
6043,6.043,0.6179274928395944
6044,6.0440000000000005,0.7992794828985725
6045,6.045,1.0715544890816648
6046,6.046,0.6847829146743702
6047,6.047,0.6443770457107902
6048,6.048,1.3208274996757874
6049,6.049,0.7396255184016884
6050,6.05,1.6537858728423953
6051,6.051,1.2915417434570007
6052,6.0520000000000005,0.9406801367665838
6053,6.053,1.3238821980183975
6054,6.054,1.6411303602360516
6055,6.055,1.4231624409600918
6056,6.056,1.6406452719693876
6057,6.057,1.904308694862308
6058,6.058,1.6651751759475732
6059,6.059,1.4840853386864392
6060,6.0600000000000005,1.7106382911549025
6061,6.061,2.25562639185866
6062,6.062,2.363206463352894
6063,6.063,1.2738684615703044
6064,6.064,2.2249470569102705
6065,6.065,1.9861079071238938
6066,6.066,2.197327551305769
6067,6.067,1.7597236693644869
6068,6.0680000000000005,1.3948328878104692
6069,6.069,2.0968528901004038
6070,6.07,1.6312198018399457
6071,6.071,1.4849158087751992
6072,6.072,1.4897401742330663
6073,6.073,2.0454518604134106
6074,6.074,1.8830948685732813
6075,6.075,2.0483589969094576
6076,6.0760000000000005,1.9831046855834003
6077,6.077,1.62140138819213
6078,6.078,1.6885176486259164
6079,6.079,1.5150365538209063
6080,6.08,1.5611662336806729
6081,6.081,1.287039780564085
6082,6.082,1.644641070254099
6083,6.083,1.7978188608517278
6084,6.0840000000000005,1.1757778703670025
6085,6.085,1.7485042060697418
6086,6.086,1.3396182595805846
6087,6.087,1.317599394183102
6088,6.088,0.6736377779838514
6089,6.089,0.5781601509067905
6090,6.09,1.0993334203935747
6091,6.091,1.2278727577854625
6092,6.0920000000000005,0.7236966803320688
6093,6.093,1.3598079233035714
6094,6.094,1.0126482770519087
6095,6.095,0.452977930454728
6096,6.096,0.6681772443643166
6097,6.097,1.335775184863941
6098,6.098,0.15423136890252215
6099,6.099,0.6205111936964759
6100,6.1000000000000005,0.30115295800923253
6101,6.101,0.547093950402052
6102,6.102,0.6535393528022087
6103,6.103,0.09727677044115916
6104,6.104,0.49023930989994785
6105,6.105,0.764133318541711
6106,6.106,0.06280493431041079
6107,6.107,0.22562980945014724
6108,6.1080000000000005,-0.2374989782625988
6109,6.109,-0.10275907854427903
6110,6.11,-0.20722797724967007
6111,6.111,0.04176096654274283
6112,6.112,0.12368617553468908
6113,6.113,-0.30821849311950134
6114,6.114,0.15003477180749986
6115,6.115,0.11718158768846348
6116,6.1160000000000005,-0.11654359115822022
6117,6.117,-0.5511074215610057
6118,6.118,-0.6024369640960645
6119,6.119,-0.6820474202635911
6120,6.12,-0.16986075847066545
6121,6.121,-0.8312387891001523
6122,6.122,-0.2745724879808234
6123,6.123,-0.8086974096912068
6124,6.1240000000000006,-0.24088460888396485
6125,6.125,-0.4832369275226104
6126,6.126,-0.08567326751124621
6127,6.127,-0.13764477292934357
6128,6.128,-0.04088790709101375
6129,6.1290000000000004,-0.02156309424003172
6130,6.13,-0.40226877758575225
6131,6.131,-0.7757750465011097
6132,6.132000000000001,-0.7239925113482542
6133,6.133,-1.011805153549336
6134,6.134,-0.6858862164030479
6135,6.135,-0.3128072145676374
6136,6.136,-0.47176781501898624
6137,6.1370000000000005,-0.32620219910681997
6138,6.138,-0.09063826917146514
6139,6.139,-0.29409890733117217
6140,6.140000000000001,-0.5021275309944284
6141,6.141,-0.1426636722577582
6142,6.142,-0.3559159248906336
6143,6.143,-0.12598875615218377
6144,6.144,0.400836774205187
6145,6.1450000000000005,-0.039403384985538414
6146,6.146,0.6176142329256131
6147,6.147,0.5610762064583543
6148,6.148,0.003577152533714517
6149,6.149,-0.10981465710552951
6150,6.15,0.2541266630335832
6151,6.151,0.6623260414763406
6152,6.152,0.2156190954874066
6153,6.1530000000000005,0.6812177969427875
6154,6.154,0.8170573864211845
6155,6.155,0.26753067499599387
6156,6.156,0.3414760364063777
6157,6.157,0.8018488927037153
6158,6.158,0.6764399367885396
6159,6.159,0.46685464559804934
6160,6.16,0.6076394373726531
6161,6.1610000000000005,0.7314779896455651
6162,6.162,0.3211305341879208
6163,6.163,1.056744877810507
6164,6.164,0.7183275507782436
6165,6.165,0.060034893362350794
6166,6.166,0.9194546879130661
6167,6.167,0.7337903344745842
6168,6.168,1.4906691389493167
6169,6.1690000000000005,0.8342081309496503
6170,6.17,0.7043774896316775
6171,6.171,1.2078482593944384
6172,6.172,0.8770688509082178
6173,6.173,0.8590131937682094
6174,6.174,1.2612438208901868
6175,6.175,0.8096851081234195
6176,6.176,0.6959640012045087
6177,6.1770000000000005,1.6601636750775046
6178,6.178,1.323345942724789
6179,6.179,1.0753038469044502
6180,6.18,1.1565641887000344
6181,6.181,1.3104175082579954
6182,6.182,1.4497675143243456
6183,6.183,0.9281932523097833
6184,6.184,1.2602219955647382
6185,6.1850000000000005,0.9919994087569634
6186,6.186,1.0792634633743385
6187,6.187,1.1745075709679935
6188,6.188,1.1131185461475712
6189,6.189,1.3231862954166564
6190,6.19,1.234704130470238
6191,6.191,0.6209578676664017
6192,6.192,0.6497655401690192
6193,6.1930000000000005,0.9288834012773226
6194,6.194,1.5701658787898478
6195,6.195,0.7470894787462934
6196,6.196,0.9204150683158325
6197,6.197,0.8017383282139166
6198,6.198,0.7757552859102594
6199,6.199,0.9744550715576263
6200,6.2,1.3200414325691823
6201,6.2010000000000005,1.015357028458184
6202,6.202,0.6163209048589621
6203,6.203,1.6623396267891835
6204,6.204,0.8392304255574036
6205,6.205,0.6221954591380643
6206,6.206,1.1992258795986857
6207,6.207,0.6157566689156315
6208,6.208,1.236989204405674
6209,6.2090000000000005,0.45942314235957304
6210,6.21,1.1330929839380868
6211,6.211,0.7489322232312575
6212,6.212,1.0616283531368564
6213,6.213,1.231787413914428
6214,6.214,0.30975502889387335
6215,6.215,1.021961373490198
6216,6.216,0.20773702447247056
6217,6.2170000000000005,0.3089834581349559
6218,6.218,0.37645866465815087
6219,6.219,0.7645806610611704
6220,6.22,0.6211143741105459
6221,6.221,0.5605397413497077
6222,6.222,0.655805100872746
6223,6.223,0.7923829250552902
6224,6.224,0.8203566808277756
6225,6.2250000000000005,0.9548526556013572
6226,6.226,1.1811694420938634
6227,6.227,0.6391369166221659
6228,6.228,0.5014223509675969
6229,6.229,0.8558089835648186
6230,6.23,0.3442378361584571
6231,6.231,0.5014000530699483
6232,6.232,1.0240099253989157
6233,6.2330000000000005,0.707778030336922
6234,6.234,0.4049583908345646
6235,6.235,0.3443887147964075
6236,6.236,0.8313006187332281
6237,6.237,1.1859751400916911
6238,6.238,1.2099709852846845
6239,6.239,0.9338630101763061
6240,6.24,1.5335582573620314
6241,6.2410000000000005,0.9307200217329743
6242,6.242,0.9527649121576431
6243,6.243,0.25705154416720655
6244,6.244,0.9266841071295691
6245,6.245,1.3506534628178246
6246,6.246,1.5988169633404918
6247,6.247,0.9154368566218853
6248,6.248,1.3382336290004087
6249,6.2490000000000006,1.548715195367145
6250,6.25,1.2730196382760852
6251,6.251,0.6194590639290527
6252,6.252,1.4130640065191669
6253,6.253,1.6012551095835257
6254,6.2540000000000004,1.1219306916307659
6255,6.255,1.3624939506921592
6256,6.256,1.123795007093935
6257,6.257000000000001,0.7300952084757573
6258,6.258,1.8388021868565194
6259,6.259,1.5578797026354003
6260,6.26,2.0652315836862454
6261,6.261,1.8685549947251439
6262,6.2620000000000005,1.5289161386732353
6263,6.263,1.6323285949985924
6264,6.264,1.8474191411683778
6265,6.265000000000001,1.9859951902474828
6266,6.266,1.809084096939244
6267,6.267,2.0582155435923344
6268,6.268,1.6496134811629866
6269,6.269,1.4492959557499736
6270,6.2700000000000005,1.7365032409746615
6271,6.271,1.8226315749239161
6272,6.272,1.403317304562669
6273,6.273,1.3629913300452396
6274,6.274,1.895946665823635
6275,6.275,1.6350121772621986
6276,6.276,1.699802334655573
6277,6.277,1.631718959478628
6278,6.2780000000000005,2.1833145114152788
6279,6.279,2.0906127201533033
6280,6.28,1.3232871906747512
6281,6.281,1.514548047840999
6282,6.282,1.9067976324541112
6283,6.283,1.8073478368193845
6284,6.284,1.586911856213934
6285,6.285,1.2283231719866714
6286,6.2860000000000005,1.3328354896395032
6287,6.287,1.3483787328964383
6288,6.288,1.5502211750840802
6289,6.289,1.9399503964621942
6290,6.29,1.182573932651984
6291,6.291,1.0388379212130237
6292,6.292,1.2704033372656618
6293,6.293,1.5672744803943477
6294,6.2940000000000005,0.7770330856672021
6295,6.295,1.5992402244955897
6296,6.296,1.0624402983622316
6297,6.297,0.8436474377794495
6298,6.298,0.5329256056974474
6299,6.299,1.1732785054120407
6300,6.3,0.8577714521688116
6301,6.301,0.9077589121590619
6302,6.3020000000000005,0.5335184212117485
6303,6.303,0.6552068532332298
6304,6.304,0.5522648765984747
6305,6.305,0.6156670598347413
6306,6.306,0.3930603952317048
6307,6.307,0.08240184319056332
6308,6.308,1.310758418480985
6309,6.309,0.03373455139144321
6310,6.3100000000000005,0.4489071594906998
6311,6.311,-0.1840894935917432
6312,6.312,-0.2970431769092784
6313,6.313,0.2876380538836846
6314,6.314,0.26864680489788856
6315,6.315,0.5548164573576736
6316,6.316,0.25839668119554127
6317,6.317,0.058037612765213555
6318,6.3180000000000005,-0.21502766592832268
6319,6.319,0.4889858938446489
6320,6.32,0.2900540872593775
6321,6.321,-0.3875759123951341
6322,6.322,-0.024442278786726765
6323,6.323,-0.011742873529510249
6324,6.324,-0.17465722395088307
6325,6.325,0.14780465085645528
6326,6.3260000000000005,0.15627287299740766
6327,6.327,-0.15652637966421445
6328,6.328,-0.18635159426005354
6329,6.329,0.34836053362940866
6330,6.33,0.18280275315454936
6331,6.331,-0.06751853370480937
6332,6.332,-0.566603614822839
6333,6.333,0.04031693960050124
6334,6.3340000000000005,0.1650695596117685
6335,6.335,-0.8486277335948198
6336,6.336,0.0789063073254649
6337,6.337,-0.09254802921662267
6338,6.338,-0.0012312949779481053
6339,6.339,-0.1712294730401389
6340,6.34,0.09581454203733442
6341,6.341,0.6004036517590863
6342,6.3420000000000005,0.0945809690112197
6343,6.343,0.5669272891992438
6344,6.344,0.0870617461369246
6345,6.345,0.6111260902232589
6346,6.346,0.4412379025604219
6347,6.347,0.6061567150071177
6348,6.348,0.5649232001868465
6349,6.349,0.8197578246720972
6350,6.3500000000000005,-0.07640990511607959
6351,6.351,0.3364455056033024
6352,6.352,0.9577995205112576
6353,6.353,0.2914671058963668
6354,6.354,0.8185888677854303
6355,6.355,1.0358808898228884
6356,6.356,0.8791468569628318
6357,6.357,0.9963072909520878
6358,6.3580000000000005,1.3620100005459181
6359,6.359,1.6604449360837226
6360,6.36,1.1473904271519122
6361,6.361,1.3396086421362379
6362,6.362,1.3696639519542746
6363,6.363,0.9390424518737991
6364,6.364,1.7836648999102553
6365,6.365,2.096326205901952
6366,6.3660000000000005,2.1945130674689812
6367,6.367,1.700536442428887
6368,6.368,1.6569303564070628
6369,6.369,2.1078156265235295
6370,6.37,2.417028765321327
6371,6.371,2.2794354852309153
6372,6.372,2.3821343001641866
6373,6.373,2.6976974832279645
6374,6.3740000000000006,2.190475731412455
6375,6.375,2.400384998100374
6376,6.376,3.007843192449376
6377,6.377,2.5062735287336952
6378,6.378,2.2295933108941064
6379,6.3790000000000004,2.4499489717772205
6380,6.38,2.4066184859287123
6381,6.381,2.828774623049807
6382,6.382000000000001,2.482523991085835
6383,6.383,2.8583324416236313
6384,6.384,2.577862744220717
6385,6.385,2.179200756828934
6386,6.386,2.9215417398298906
6387,6.3870000000000005,2.8831955302812746
6388,6.388,2.998805429210275
6389,6.389,2.6420989086346762
6390,6.390000000000001,2.6063308584950917
6391,6.391,2.9525149163153617
6392,6.392,3.2753549400347812
6393,6.393,2.806291878981918
6394,6.394,2.9093648426224448
6395,6.3950000000000005,2.6603660122577835
6396,6.396,2.2644734524799226
6397,6.397,2.9844533622613376
6398,6.398000000000001,2.929438749636597
6399,6.399,2.82896281296911
6400,6.4,2.5161989812797536
6401,6.401,2.7013082358819047
6402,6.402,2.7382172972317673
6403,6.4030000000000005,2.900664534829337
6404,6.404,2.6524860857278076
6405,6.405,2.313331063271971
6406,6.406,1.8370813916192745
6407,6.407,2.2089235215818346
6408,6.408,2.1693517791480104
6409,6.409,2.2329193097244207
6410,6.41,2.3520914323939963
6411,6.4110000000000005,1.8411826518342074
6412,6.412,2.42213281216656
6413,6.413,1.1846838899936154
6414,6.414,1.7576543853039968
6415,6.415,1.3106537623307413
6416,6.416,0.8956083641302722
6417,6.417,1.3242479185850768
6418,6.418,0.8643086780060907
6419,6.4190000000000005,1.169623104469731
6420,6.42,1.145219926788571
6421,6.421,1.3874714106227586
6422,6.422,0.5173696919346038
6423,6.423,1.1607637630167007
6424,6.424,0.8373177623966896
6425,6.425,1.0375165886865239
6426,6.426,0.5218318596066449
6427,6.4270000000000005,0.17592402322876316
6428,6.428,0.13654492093637938
6429,6.429,0.04261325884126482
6430,6.43,0.5042236845046968
6431,6.431,0.737235652860784
6432,6.432,0.06069356325067754
6433,6.433,0.357856311146868
6434,6.434,-0.345895983858136
6435,6.4350000000000005,0.11049624866148286
6436,6.436,0.20562250807302324
6437,6.437,-0.47720124255474256
6438,6.438,-0.14809043178911122
6439,6.439,0.08746041418113454
6440,6.44,-1.0439580971219753
6441,6.441,0.2042672496450752
6442,6.442,-0.11875489448894601
6443,6.4430000000000005,-0.03420955414238122
6444,6.444,-0.39323503641503055
6445,6.445,-0.802205295970039
6446,6.446,-0.13688506294246924
6447,6.447,-0.3293233849654488
6448,6.448,-0.29807442326018957
6449,6.449,0.01968369482347193
6450,6.45,-0.07261385943355395
6451,6.4510000000000005,0.28472711118071836
6452,6.452,-0.23171894235607027
6453,6.453,-0.4673457422579311
6454,6.454,-0.29455721577977867
6455,6.455,-0.08740599736494299
6456,6.456,0.12246564767639179
6457,6.457,-0.5888030838668807
6458,6.458,-0.10886106305200252
6459,6.4590000000000005,0.41225993796838134
6460,6.46,-0.09842901209449711
6461,6.461,0.3004475541636777
6462,6.462,0.2197124832256943
6463,6.463,0.412131777459995
6464,6.464,-0.06116273183833584
6465,6.465,-0.0008428366844966395
6466,6.466,0.3083099862080576
6467,6.4670000000000005,-0.09373693777325454
6468,6.468,0.3507653218585134
6469,6.469,0.5751664539537859
6470,6.47,1.1039651221606643
6471,6.471,0.7601092052539242
6472,6.472,0.8988201874826495
6473,6.473,1.1335787861442397
6474,6.474,0.5686358307513091
6475,6.4750000000000005,0.8829032480807034
6476,6.476,1.734829444429574
6477,6.477,1.0584144267143833
6478,6.478,1.4919796473459437
6479,6.479,1.520812739132702
6480,6.48,0.8624298301370326
6481,6.481,1.47250480596509
6482,6.482,1.4960032711650095
6483,6.4830000000000005,1.6225061471125692
6484,6.484,1.367550984282527
6485,6.485,1.3275123729105185
6486,6.486,1.5869423799188003
6487,6.487,1.7657404175490894
6488,6.488,2.2139137525293986
6489,6.489,2.464794039221265
6490,6.49,2.3974500779630126
6491,6.4910000000000005,2.2929366476087174
6492,6.492,1.7873912487873835
6493,6.493,2.0171089910813342
6494,6.494,2.2509921008208345
6495,6.495,2.043560148016078
6496,6.496,2.448671284089327
6497,6.497,2.5307223656266493
6498,6.498,2.5112990045368795
6499,6.4990000000000006,2.690486005910891
6500,6.5,2.1407402711464965
6501,6.501,2.717727408095491
6502,6.502,2.2514968970438543
6503,6.503,2.196744137164756
6504,6.5040000000000004,2.6539995320018193
6505,6.505,2.8709652160095844
6506,6.506,2.660948143864687
6507,6.507000000000001,2.525642937516751
6508,6.508,2.6138466048208886
6509,6.509,2.5597028062140605
6510,6.51,2.1755835610994616
6511,6.511,2.131850568941901
6512,6.5120000000000005,2.4689934784203356
6513,6.513,2.5014119390328755
6514,6.514,2.4625581105343883
6515,6.515000000000001,2.6406714247794394
6516,6.516,2.3489566274353524
6517,6.517,2.555432933460766
6518,6.518,2.313395334684714
6519,6.519,2.87142240541624
6520,6.5200000000000005,2.3138081194792246
6521,6.521,2.9546565524819663
6522,6.522,2.3186913502317608
6523,6.523000000000001,2.107575826987249
6524,6.524,1.8585236674056314
6525,6.525,1.6504073238889414
6526,6.526,1.7391458634536194
6527,6.527,1.724544955731099
6528,6.5280000000000005,2.057421877007647
6529,6.529,1.7305348036182622
6530,6.53,1.8928905977247799
6531,6.531,2.169014266406825
6532,6.532,1.705027593578926
6533,6.533,2.301568036887542
6534,6.534,1.2711899352068063
6535,6.535,1.52469000354162
6536,6.5360000000000005,1.3539792278831102
6537,6.537,1.7427636161181734
6538,6.538,0.736194742714057
6539,6.539,0.9219487320806199
6540,6.54,1.270005696105188
6541,6.541,1.7156656923854774
6542,6.542,1.2669002832111027
6543,6.543,0.7435633713953287
6544,6.5440000000000005,0.7408687543723156
6545,6.545,1.5541393675250093
6546,6.546,0.8194740123428205
6547,6.547,0.677955423616945
6548,6.548,1.3606476880712481
6549,6.549,1.1790150898261187
6550,6.55,1.2179029833550088
6551,6.551,0.5125043033175227
6552,6.5520000000000005,0.3037263063535662
6553,6.553,0.7669280220742256
6554,6.554,0.7952773380726849
6555,6.555,0.7739779423300149
6556,6.556,1.080054780014678
6557,6.557,0.09065643379721677
6558,6.558,0.8450999196046323
6559,6.559,0.23685240566073912
6560,6.5600000000000005,0.8034712050556023
6561,6.561,0.38744774759691597
6562,6.562,0.27120498540776083
6563,6.563,0.3201622268943374
6564,6.564,0.059451487935947345
6565,6.565,0.4975132391286292
6566,6.566,0.24805798411893348
6567,6.567,0.7124209022566333
6568,6.5680000000000005,0.6673800502189341
6569,6.569,0.9827609112262758
6570,6.57,0.5892340783988183
6571,6.571,0.6405798878101393
6572,6.572,0.9114079174887251
6573,6.573,0.31197834008736813
6574,6.574,0.06452903086238782
6575,6.575,0.5835222801403788
6576,6.5760000000000005,0.11087380283168519
6577,6.577,1.28961768122097
6578,6.578,1.0073770624992806
6579,6.579,1.2386449191190254
6580,6.58,0.6282544008925328
6581,6.581,0.796012947573371
6582,6.582,0.5154773620638813
6583,6.583,0.9417395907597015
6584,6.5840000000000005,0.3367073660890015
6585,6.585,-0.03618159744204652
6586,6.586,0.515678037928078
6587,6.587,0.3430633433597498
6588,6.588,1.2504671209777511
6589,6.589,1.3796459545310034
6590,6.59,0.44228826874852434
6591,6.591,1.2791780427341863
6592,6.5920000000000005,1.2057497433093518
6593,6.593,0.4781503221113338
6594,6.594,0.8607355327499592
6595,6.595,0.8323894952141038
6596,6.596,1.2592593984536877
6597,6.597,0.694359735527349
6598,6.598,1.0610888357372648
6599,6.599,0.9122680893362728
6600,6.6000000000000005,1.28680864601743
6601,6.601,1.1059089337524057
6602,6.602,1.0358210948983297
6603,6.603,1.1570911134558117
6604,6.604,1.8557477817021955
6605,6.605,1.142825672530307
6606,6.606,0.9776004233765269
6607,6.607,1.4859281776197926
6608,6.6080000000000005,1.2877743940299433
6609,6.609,0.9250848047421449
6610,6.61,2.036772620983238
6611,6.611,1.278054529217798
6612,6.612,1.2856820311521349
6613,6.613,1.4609769138897273
6614,6.614,1.9447564185292032
6615,6.615,0.9331815834162605
6616,6.6160000000000005,1.5299547276854226
6617,6.617,2.0820498751670153
6618,6.618,1.5018411533560712
6619,6.619,1.0986154456538977
6620,6.62,1.2883261735744675
6621,6.621,1.539177773198972
6622,6.622,1.8782657478241678
6623,6.623,1.3777885283016107
6624,6.6240000000000006,1.726815754723804
6625,6.625,1.0461233985704643
6626,6.626,1.0402354212944473
6627,6.627,1.323854189479051
6628,6.628,1.8941998222355365
6629,6.6290000000000004,1.476333633556992
6630,6.63,1.534310722435416
6631,6.631,1.5213391497578765
6632,6.632000000000001,1.7601157541077543
6633,6.633,1.23265636619587
6634,6.634,1.6095517931336638
6635,6.635,1.1401652137834597
6636,6.636,1.9698433155460604
6637,6.6370000000000005,1.1192930730052568
6638,6.638,1.07841128663093
6639,6.639,1.4909685151838437
6640,6.640000000000001,1.3322199140980924
6641,6.641,1.3878870493422728
6642,6.642,1.3389625003596723
6643,6.643,0.924034786882725
6644,6.644,1.715050061916493
6645,6.6450000000000005,1.4785603237031077
6646,6.646,1.5972632958277304
6647,6.647,1.0098454777376094
6648,6.648000000000001,1.271814684083878
6649,6.649,1.1843882306645221
6650,6.65,1.441766453612641
6651,6.651,1.4295565041057061
6652,6.652,1.1175023312063834
6653,6.6530000000000005,0.5823551518702668
6654,6.654,1.5498999993401321
6655,6.655,1.161224602004746
6656,6.656000000000001,0.7905478195402249
6657,6.657,1.0739724286304055
6658,6.658,0.4779484806189753
6659,6.659,1.2275395561583389
6660,6.66,0.44967068045255915
6661,6.6610000000000005,0.8053796555054246
6662,6.662,0.9261076332889345
6663,6.663,1.1461586808396462
6664,6.664,0.8488468107321734
6665,6.665,0.9904353119241467
6666,6.666,0.7752891970341703
6667,6.667,0.7586475230027243
6668,6.668,0.7793211698995398
6669,6.6690000000000005,0.6831832953176705
6670,6.67,0.22103545174552242
6671,6.671,0.48453146920346596
6672,6.672,0.777429779536946
6673,6.673,0.6192049864422156
6674,6.674,0.6381436067317966
6675,6.675,0.5798498396342833
6676,6.676,0.41079157875985234
6677,6.6770000000000005,0.5160203991520601
6678,6.678,0.567059692579863
6679,6.679,0.6569042049809579
6680,6.68,0.7707304571336423
6681,6.681,0.5970190922252996
6682,6.682,0.34187154314551865
6683,6.683,0.23204661012469352
6684,6.684,1.432524344848638
6685,6.6850000000000005,0.3172864238221432
6686,6.686,0.5046911288735698
6687,6.687,0.8205277376959956
6688,6.688,0.7799247611530348
6689,6.689,0.835240942871498
6690,6.69,0.5545395346999086
6691,6.691,0.7683345366339016
6692,6.692,0.7255992433166856
6693,6.6930000000000005,0.6249771344591154
6694,6.694,0.8046233427637897
6695,6.695,1.06092686700448
6696,6.696,0.7518736232187504
6697,6.697,0.7689499384747406
6698,6.698,1.1099683497313078
6699,6.699,1.0946188173322156
6700,6.7,1.2988237402629652
6701,6.7010000000000005,0.3149015975899828
6702,6.702,1.1320820644150473
6703,6.703,1.0603935268116398
6704,6.704,0.6341421797382203
6705,6.705,0.9957233864770297
6706,6.706,1.2564269321847548
6707,6.707,0.7135620824115934
6708,6.708,1.1166136769754846
6709,6.7090000000000005,1.267040283073086
6710,6.71,0.706308227919894
6711,6.711,1.0070341869850883
6712,6.712,1.1621759670620988
6713,6.713,0.8552040164538126
6714,6.714,0.8523796216240449
6715,6.715,1.0975491516804103
6716,6.716,1.400276216567429
6717,6.7170000000000005,1.3743404660000818
6718,6.718,0.9438755368747953
6719,6.719,1.418600585901261
6720,6.72,0.9923194620357354
6721,6.721,0.7796305335425859
6722,6.722,1.1714762124073437
6723,6.723,1.6367348838872173
6724,6.724,1.5140738498940132
6725,6.7250000000000005,1.333403209552623
6726,6.726,1.2245312396822468
6727,6.727,1.2472942218772238
6728,6.728,1.4104843008457186
6729,6.729,1.069825241393486
6730,6.73,1.297251093195999
6731,6.731,1.3470978332726067
6732,6.732,1.0152318393063933
6733,6.7330000000000005,1.176449249710832
6734,6.734,1.5571558095914417
6735,6.735,1.4414170634127546
6736,6.736,1.348986526971427
6737,6.737,1.1696854378389383
6738,6.738,1.916072813161834
6739,6.739,1.1898959107332052
6740,6.74,1.513372619270697
6741,6.7410000000000005,1.2864419511932748
6742,6.742,1.4368706615379485
6743,6.743,1.554707932449823
6744,6.744,0.9960220498502114
6745,6.745,1.393010428185998
6746,6.746,1.7383233748336289
6747,6.747,1.8938736668064848
6748,6.748,1.3089465030281238
6749,6.7490000000000006,1.3411972709079516
6750,6.75,1.971059979365745
6751,6.751,1.6253448638768704
6752,6.752,1.0751505931397656
6753,6.753,1.0483958996434843
6754,6.7540000000000004,1.4931282588529555
6755,6.755,0.8732784480617757
6756,6.756,1.4717288731382323
6757,6.757000000000001,1.2129638407630157
6758,6.758,1.233746689435164
6759,6.759,0.9657175651350766
6760,6.76,0.8167102947165137
6761,6.761,1.4058555850541408
6762,6.7620000000000005,0.8535886560168249
6763,6.763,0.763510500929001
6764,6.764,0.8208418559345269
6765,6.765000000000001,0.8598785983454191
6766,6.766,0.44890110551111045
6767,6.767,0.5440464905723572
6768,6.768,0.48273917030661806
6769,6.769,0.8757580734693698
6770,6.7700000000000005,0.3099011171638533
6771,6.771,0.002075890343553932
6772,6.772,-0.10849246790768391
6773,6.773000000000001,-0.006819528833084121
6774,6.774,0.7953617412302754
6775,6.775,0.34443562211487344
6776,6.776,0.44281167615492334
6777,6.777,0.40656046435279414
6778,6.7780000000000005,0.21608559765202506
6779,6.779,0.13097747866021808
6780,6.78,0.4216430388837495
6781,6.781000000000001,0.10777571807763953
6782,6.782,0.4403431978856805
6783,6.783,0.16457111529328952
6784,6.784,-0.24811239854558098
6785,6.785,-0.25168956875338044
6786,6.7860000000000005,-0.3591229917762182
6787,6.787,0.18760800485163953
6788,6.788,-0.3342660973854939
6789,6.789,-0.48559448483317175
6790,6.79,-0.18151772781295955
6791,6.791,-0.3359894238068972
6792,6.792,-0.24574369424283166
6793,6.793,0.2077664845020155
6794,6.7940000000000005,-0.10801494907496662
6795,6.795,-0.39419844661471565
6796,6.796,-0.8427184435807977
6797,6.797,-0.5855178267639453
6798,6.798,-0.23493046395818637
6799,6.799,-0.8095857327292084
6800,6.8,0.17673138698169988
6801,6.801,-0.4657286003259622
6802,6.8020000000000005,-0.4570583824473995
6803,6.803,-0.670496820406104
6804,6.804,-0.3173768047939213
6805,6.805,-0.8067796352027491
6806,6.806,0.20003176074667095
6807,6.807,-0.041361813850558926
6808,6.808,-0.12549059542903468
6809,6.809,-0.8192172206247983
6810,6.8100000000000005,-0.3188944636734329
6811,6.811,0.006623557292992521
6812,6.812,-0.1509505114008104
6813,6.813,-0.5995411403541442
6814,6.814,-0.4612687380848668
6815,6.815,-0.36652768951865755
6816,6.816,-0.3741351766565426
6817,6.817,0.3058369231756303
6818,6.8180000000000005,-0.6864229956942535
6819,6.819,0.13160329515570396
6820,6.82,-0.4057574868621383
6821,6.821,-0.2572938407215905
6822,6.822,-0.520772896416444
6823,6.823,-0.029718086189519016
6824,6.824,0.6427158759943489
6825,6.825,0.3249437250363185
6826,6.8260000000000005,-0.05666116735062415
6827,6.827,0.6665363620134802
6828,6.828,0.7903598922550242
6829,6.829,0.5126239403071633
6830,6.83,1.152969622234476
6831,6.831,0.8506672618275333
6832,6.832,0.8709865784282681
6833,6.833,0.4873281702910426
6834,6.8340000000000005,0.9786865912756617
6835,6.835,0.9174183443088244
6836,6.836,1.069845321660402
6837,6.837,0.7694507418951294
6838,6.838,1.0734123312832873
6839,6.839,0.8491196301669517
6840,6.84,0.5080868263974102
6841,6.841,1.5084345767776415
6842,6.8420000000000005,0.8134292572047589
6843,6.843,1.3498110475042624
6844,6.844,1.4691951016653675
6845,6.845,1.5168606543861949
6846,6.846,1.381355492230423
6847,6.847,1.5926576141617443
6848,6.848,1.6950696710958524
6849,6.849,1.8140738693608587
6850,6.8500000000000005,2.150596933816985
6851,6.851,1.7348410166167982
6852,6.852,1.7147243370604177
6853,6.853,1.451205223481951
6854,6.854,1.8783965410300612
6855,6.855,1.9687869448381814
6856,6.856,1.728316548124317
6857,6.857,1.9632180473788983
6858,6.8580000000000005,1.7222227541841404
6859,6.859,2.0176708074286194
6860,6.86,2.092747361288227
6861,6.861,2.087303963180057
6862,6.862,1.8479412032822038
6863,6.863,1.4915724477921664
6864,6.864,1.6070573432010198
6865,6.865,1.9523423686857095
6866,6.8660000000000005,2.4877120358811333
6867,6.867,1.6262598345516786
6868,6.868,1.8368065002832028
6869,6.869,1.5010383574180448
6870,6.87,1.3397425742683227
6871,6.871,1.3894672980215472
6872,6.872,0.9244829934045472
6873,6.873,1.908644140120426
6874,6.8740000000000006,0.7835941994231603
6875,6.875,1.320249701063481
6876,6.876,0.9895947721018677
6877,6.877,1.0183588416059204
6878,6.878,1.6344185068974901
6879,6.8790000000000004,1.216873017593686
6880,6.88,0.7994897697639176
6881,6.881,0.8424439873497451
6882,6.882000000000001,0.7176581790467824
6883,6.883,0.8602405253927381
6884,6.884,0.8493637582798926
6885,6.885,1.2887493017509284
6886,6.886,0.06635968199327336
6887,6.8870000000000005,0.550780505025947
6888,6.888,0.3855426136747946
6889,6.889,0.6823975579082384
6890,6.890000000000001,0.42254987512581116
6891,6.891,0.4105583321046298
6892,6.892,0.25421872375946447
6893,6.893,-0.21153805430923822
6894,6.894,0.34915419779002654
6895,6.8950000000000005,0.14361546406080988
6896,6.896,0.09781088398307491
6897,6.897,0.12247610630799194
6898,6.898000000000001,-0.21008588028117506
6899,6.899,0.03171848520795939
6900,6.9,-0.37480606667836414
6901,6.901,-0.6274530063781758
6902,6.902,-0.6352688468348962
6903,6.9030000000000005,-0.7097094509177132
6904,6.904,-0.9251667299228282
6905,6.905,-0.34391493743649937
6906,6.906000000000001,-0.8058868682220939
6907,6.907,-0.9246398940799733
6908,6.908,-0.8916962410872675
6909,6.909,-0.16601852966192276
6910,6.91,-1.447825560558737
6911,6.9110000000000005,-1.4065581521247668
6912,6.912,-1.6082393797945076
6913,6.913,-1.301041685489927
6914,6.914,-1.1908730019150497
6915,6.915,-1.4333766721282422
6916,6.916,-1.4808579281291485
6917,6.917,-1.2972229235165267
6918,6.918,-1.5073739985178154
6919,6.9190000000000005,-1.27623968700364
6920,6.92,-1.0432998064593495
6921,6.921,-1.1784516392194349
6922,6.922,-1.116959329039247
6923,6.923,-1.050913938184576
6924,6.924,-1.283015189397459
6925,6.925,-1.4024153565896016
6926,6.926,-1.5692934175601485
6927,6.9270000000000005,-1.4336626983310938
6928,6.928,-1.4480785219316443
6929,6.929,-1.0421932543864487
6930,6.93,-1.1245391732038739
6931,6.931,-0.9826923885210646
6932,6.932,-1.499354525187142
6933,6.933,-0.6777821488810309
6934,6.934,-1.1881167217296704
6935,6.9350000000000005,-1.3395575511380997
6936,6.936,-1.0878238968326666
6937,6.937,-0.1545815546827226
6938,6.938,-0.9570051480418866
6939,6.939,-0.8767107937388829
6940,6.94,-0.7730124506640644
6941,6.941,-0.6940749069919675
6942,6.942,-0.8161551250103174
6943,6.9430000000000005,-0.4693003291048493
6944,6.944,-0.11868362352891504
6945,6.945,-0.27494060776529483
6946,6.946,-0.6294347590374807
6947,6.947,-0.32546688936595436
6948,6.948,-0.31314920597436735
6949,6.949,-0.05701797394260187
6950,6.95,0.4011142722022535
6951,6.9510000000000005,0.032048438795353365
6952,6.952,0.12462660594825488
6953,6.953,0.7581225110855214
6954,6.954,0.5606162758879011
6955,6.955,0.5418498724202485
6956,6.956,1.0276614298602935
6957,6.957,0.6562714269776377
6958,6.958,-0.019225127055226165
6959,6.9590000000000005,0.8920314391394428
6960,6.96,0.22802276161716878
6961,6.961,0.9023234420085792
6962,6.962,0.31121377255920346
6963,6.963,0.7412372904722593
6964,6.964,0.8252898265985475
6965,6.965,0.7535361537181504
6966,6.966,0.9269291937476737
6967,6.9670000000000005,1.3850931968883353
6968,6.968,0.9014768569029231
6969,6.969,1.3160231704019265
6970,6.97,0.895977405705447
6971,6.971,1.1582915488558843
6972,6.972,1.337956273899213
6973,6.973,0.9636311303351301
6974,6.974,0.8869210336213051
6975,6.9750000000000005,1.4418629893579948
6976,6.976,1.6410658221575312
6977,6.977,1.2862214877631173
6978,6.978,1.1744933833328899
6979,6.979,1.3560854137237612
6980,6.98,1.319686328995425
6981,6.981,1.365563753106186
6982,6.982,0.5199004534642268
6983,6.9830000000000005,0.9394053559189426
6984,6.984,0.9844750828917552
6985,6.985,1.2574314197005534
6986,6.986,1.238367101505638
6987,6.987,1.3402931142017407
6988,6.988,1.1900590307523855
6989,6.989,0.6825377726990816
6990,6.99,1.463589504475087
6991,6.9910000000000005,1.3646866617976934
6992,6.992,0.5563143764078324
6993,6.993,0.9814414251525326
6994,6.994,0.6482151131073948
6995,6.995,0.8112403207455597
6996,6.996,1.0260155668656892
6997,6.997,1.2873805289218556
6998,6.998,0.8101330505014332
6999,6.9990000000000006,0.6078976381839694
7000,7.0,0.3506029086729605
7001,7.001,0.4389875578420737
7002,7.002,0.7229465304419186
7003,7.003,0.23134679592851504
7004,7.0040000000000004,-0.09204508872359557
7005,7.005,-0.38359492817522073
7006,7.006,0.18445329130603855
7007,7.007000000000001,0.03286502150492793
7008,7.008,-0.30683330627743544
7009,7.009,0.12333132784872919
7010,7.01,-0.38188650294860893
7011,7.011,-0.36589451865402906
7012,7.0120000000000005,-0.39971813005611484
7013,7.013,-0.5680987156192572
7014,7.014,-0.4588352425323631
7015,7.015000000000001,-0.24942680267885525
7016,7.016,-1.0012400049352845
7017,7.017,-0.5737102515936702
7018,7.018,-0.72838256409125
7019,7.019,-0.7915016115357403
7020,7.0200000000000005,-0.6313663359482043
7021,7.021,-0.9309677478528289
7022,7.022,-0.8519424966446342
7023,7.023000000000001,-0.8288010285436365
7024,7.024,-1.2396012058587753
7025,7.025,-1.0403468955272899
7026,7.026,-1.2441345298382445
7027,7.027,-1.2444023077868616
7028,7.0280000000000005,-1.3337465298292552
7029,7.029,-1.1251033037949667
7030,7.03,-1.26795115678768
7031,7.031000000000001,-1.1967759564946585
7032,7.032,-1.3397368631493443
7033,7.033,-1.8316895967894329
7034,7.034,-1.3536356153686444
7035,7.035,-1.3532015984164933
7036,7.0360000000000005,-1.305338467913635
7037,7.037,-1.558751609991369
7038,7.038,-1.7384849562694087
7039,7.039000000000001,-1.1884131971272902
7040,7.04,-1.4506225302132139
7041,7.041,-1.3067708311706778
7042,7.042,-1.4291168727077643
7043,7.043,-1.3300457307322695
7044,7.0440000000000005,-1.4436655065081234
7045,7.045,-1.5771611997943287
7046,7.046,-1.1197833218740674
7047,7.047,-1.4154304227633525
7048,7.048,-1.1554467888320723
7049,7.049,-1.049306154096482
7050,7.05,-1.3141080848777207
7051,7.051,-1.4627975007339962
7052,7.0520000000000005,-0.3354655859544906
7053,7.053,-1.181523111352464
7054,7.054,-0.7944603285729357
7055,7.055,-0.35649020193410497
7056,7.056,-0.6569096405959034
7057,7.057,-0.938437729362232
7058,7.058,-0.8218959800140323
7059,7.059,-1.004196847222634
7060,7.0600000000000005,-0.4419215947784223
7061,7.061,-0.4880922049025721
7062,7.062,-0.7635354378863568
7063,7.063,-0.8729490784143787
7064,7.064,-0.9077720902540332
7065,7.065,-0.16672912426158298
7066,7.066,-0.3781858134837814
7067,7.067,-0.30190385815242193
7068,7.0680000000000005,-0.5660227352738284
7069,7.069,-0.7117118883600786
7070,7.07,0.061674439283629756
7071,7.071,-0.17000960033546755
7072,7.072,0.13284250725638913
7073,7.073,-0.21313560257842418
7074,7.074,-0.12787033221953042
7075,7.075,0.19613953588622882
7076,7.0760000000000005,0.23916641803382255
7077,7.077,0.2942797311020696
7078,7.078,0.00014020069301416693
7079,7.079,0.3048113664056674
7080,7.08,0.4829007828711097
7081,7.081,0.14636885026009833
7082,7.082,0.049225560446877425
7083,7.083,0.6293542162274995
7084,7.0840000000000005,0.05119233948977936
7085,7.085,0.45506329846468785
7086,7.086,0.26505392122151467
7087,7.087,-0.25588714051607875
7088,7.088,0.6467878785411368
7089,7.089,-0.5099028629406512
7090,7.09,-0.2709262560220139
7091,7.091,0.48699192983108774
7092,7.0920000000000005,0.48903060688920635
7093,7.093,0.13940820935477222
7094,7.094,0.3724862522565434
7095,7.095,-0.43611267112945074
7096,7.096,0.5283461940228219
7097,7.097,0.38191639622272766
7098,7.098,0.281912534156462
7099,7.099,0.28838505632334027
7100,7.1000000000000005,0.4146211678783489
7101,7.101,0.2405413812306774
7102,7.102,-0.33230903133473877
7103,7.103,0.8677105184561882
7104,7.104,0.5462443533050598
7105,7.105,-0.22390978881277257
7106,7.106,0.03206765576488517
7107,7.107,0.03739184805956304
7108,7.1080000000000005,0.4031031765658432
7109,7.109,-0.5983362705003896
7110,7.11,-0.13141333805130048
7111,7.111,-0.5421083397005526
7112,7.112,-0.13260280246889233
7113,7.113,-0.2228296404375155
7114,7.114,-0.09192289222251379
7115,7.115,-0.3326898156295453
7116,7.1160000000000005,-0.41247411366772097
7117,7.117,-0.03765226186405787
7118,7.118,-0.12387265856811139
7119,7.119,-0.1318251174065974
7120,7.12,-0.3874333298107934
7121,7.121,-0.5430577305330796
7122,7.122,-0.44432683687825936
7123,7.123,-0.2953299440763217
7124,7.1240000000000006,-1.1355057180651922
7125,7.125,-0.4007334769470773
7126,7.126,-0.46234229603179233
7127,7.127,-0.572099459096216
7128,7.128,-0.6706704127023654
7129,7.1290000000000004,-1.4302446350247155
7130,7.13,-0.8262319465144872
7131,7.131,-0.1905841003965666
7132,7.132000000000001,-0.7558995864906259
7133,7.133,-0.8834717262725547
7134,7.134,-0.8168384325785895
7135,7.135,-0.7451690314843887
7136,7.136,-0.6826690721143629
7137,7.1370000000000005,-0.9766798648626753
7138,7.138,-0.8071939594616465
7139,7.139,-0.4572530462684553
7140,7.140000000000001,-0.682851059875718
7141,7.141,-0.30599295676331706
7142,7.142,-1.2273326148106627
7143,7.143,-0.5485117669445205
7144,7.144,-1.308477000999592
7145,7.1450000000000005,-0.9839446437296138
7146,7.146,-0.8878419242020984
7147,7.147,-1.2772200430362894
7148,7.148000000000001,-1.1128351025978873
7149,7.149,-0.8801658716292078
7150,7.15,-1.3793171705191634
7151,7.151,-0.6772165711079716
7152,7.152,-1.604084809880176
7153,7.1530000000000005,-0.6163677776310938
7154,7.154,-0.9063605745296267
7155,7.155,-1.2410935223521673
7156,7.156000000000001,-1.3413499594974234
7157,7.157,-1.3780111824365626
7158,7.158,-1.2709986778602038
7159,7.159,-1.2481955816658794
7160,7.16,-0.8595215937797438
7161,7.1610000000000005,-0.6470185219627267
7162,7.162,-1.1784359279612646
7163,7.163,-1.491710915100582
7164,7.164000000000001,-1.4006774478411566
7165,7.165,-1.290016312339037
7166,7.166,-1.5414744239969773
7167,7.167,-1.5827148858247408
7168,7.168,-0.5957610641968382
7169,7.1690000000000005,-1.1292794818730654
7170,7.17,-1.464490014852643
7171,7.171,-0.9634015524143315
7172,7.172,-1.555087843113897
7173,7.173,-1.5229796107957478
7174,7.174,-1.4270919861988647
7175,7.175,-0.6812593472470572
7176,7.176,-1.2443605439798529
7177,7.1770000000000005,-1.891358063975633
7178,7.178,-0.785657792048958
7179,7.179,-1.2299204471294325
7180,7.18,-1.681667279660792
7181,7.181,-1.2102114937965518
7182,7.182,-0.9468008202389658
7183,7.183,-0.9693269401388478
7184,7.184,-0.5380102550812081
7185,7.1850000000000005,-1.3199198140990183
7186,7.186,-1.0361972440656828
7187,7.187,-1.245783757327055
7188,7.188,-1.4838525431089267
7189,7.189,-0.740405815255105
7190,7.19,-0.8515454316227135
7191,7.191,-0.889482997968745
7192,7.192,-0.8302125879949429
7193,7.1930000000000005,-1.1471624617149996
7194,7.194,-1.2261130847375927
7195,7.195,-0.895612767304163
7196,7.196,-0.5406704001509628
7197,7.197,-0.38836852622688967
7198,7.198,-0.613558066199148
7199,7.199,-0.8244784156779327
7200,7.2,-0.7329944467968272
7201,7.2010000000000005,-0.7908169450772146
7202,7.202,-1.0821221113597184
7203,7.203,-0.7466808540087665
7204,7.204,-1.1339660592300256
7205,7.205,-0.7499078880035512
7206,7.206,-0.20076226961838495
7207,7.207,-0.42340805903211287
7208,7.208,-0.9256591480641662
7209,7.2090000000000005,-0.6487199484739264
7210,7.21,-0.8554091380621328
7211,7.211,-0.6018217362091024
7212,7.212,-0.24860442083545392
7213,7.213,-0.34283512140291716
7214,7.214,0.22873728787889014
7215,7.215,-0.1365373086745596
7216,7.216,-0.41090196337258855
7217,7.2170000000000005,-0.24686868997782185
7218,7.218,-0.488793659843596
7219,7.219,-0.744541998710617
7220,7.22,0.006979536101719086
7221,7.221,-0.060803152301132535
7222,7.222,-0.41490215405868525
7223,7.223,-0.2398841133987587
7224,7.224,0.07028712265813519
7225,7.2250000000000005,-0.028528604406370395
7226,7.226,-0.7023735307729433
7227,7.227,-0.17199732498440046
7228,7.228,-0.2777063614168765
7229,7.229,0.1233931801814298
7230,7.23,0.11489535480155261
7231,7.231,0.21636999769657272
7232,7.232,-0.5003242614473187
7233,7.2330000000000005,-0.3869459331650621
7234,7.234,0.19467901256489412
7235,7.235,-0.30601265959219803
7236,7.236,-0.5751243031919182
7237,7.237,0.04964554307129851
7238,7.238,-0.26706121728254406
7239,7.239,0.43989788048751044
7240,7.24,-0.0037651601297696152
7241,7.2410000000000005,-0.041615307092578456
7242,7.242,-0.19908157660661152
7243,7.243,0.3887355639038248
7244,7.244,0.017207868264867546
7245,7.245,-0.21643072799948504
7246,7.246,-0.33734592883369663
7247,7.247,-0.1281549482703163
7248,7.248,-0.40818221258409637
7249,7.2490000000000006,0.18319070169369234
7250,7.25,-0.6803905415821052
7251,7.251,-0.1940055898068622
7252,7.252,0.01476507355932516
7253,7.253,-0.08362989090131633
7254,7.2540000000000004,-0.4213101286639006
7255,7.255,-0.029772172429430394
7256,7.256,-0.5172418410861664
7257,7.257000000000001,-0.2835663359567351
7258,7.258,-0.10853926231864033
7259,7.259,-0.19425193299469767
7260,7.26,-0.5664321980016924
7261,7.261,-0.03718908725959896
7262,7.2620000000000005,-0.4046238227027142
7263,7.263,-0.2435557836906319
7264,7.264,-0.045117543161725226
7265,7.265000000000001,-0.20749427459119552
7266,7.266,-0.24705554480175113
7267,7.267,-0.5670021770628756
7268,7.268,-0.4296262767588512
7269,7.269,-0.6479329978030087
7270,7.2700000000000005,-1.1201293982055236
7271,7.271,-0.7128493601938737
7272,7.272,-0.7740256233283516
7273,7.273000000000001,-0.723893581031934
7274,7.274,-0.9861987718803955
7275,7.275,-1.2256201970570038
7276,7.276,-0.8500961270596366
7277,7.277,-1.4912552224599256
7278,7.2780000000000005,-0.7100920429568227
7279,7.279,-1.2677408684636835
7280,7.28,-1.1752204543656344
7281,7.281000000000001,-1.1317310639654703
7282,7.282,-1.1722365808144417
7283,7.283,-1.821875151416629
7284,7.284,-1.2011498161566139
7285,7.285,-1.4059509020037602
7286,7.2860000000000005,-1.735188338692767
7287,7.287,-1.8162812132670998
7288,7.288,-1.7372941761489336
7289,7.289000000000001,-2.0711926867587884
7290,7.29,-1.20804731745578
7291,7.291,-1.3205776985652273
7292,7.292,-1.6710221794922138
7293,7.293,-1.9119528823011764
7294,7.2940000000000005,-1.940640672111754
7295,7.295,-1.6887229558912653
7296,7.296,-1.4213783847138397
7297,7.297,-2.1502732187852773
7298,7.298,-2.3426012872153485
7299,7.299,-1.5688530195006938
7300,7.3,-2.5926658047836266
7301,7.301,-2.379938418160112
7302,7.3020000000000005,-2.1696906186700553
7303,7.303,-2.579346337875662
7304,7.304,-1.7904204036994895
7305,7.305,-1.8770521724984752
7306,7.306,-2.313781642310946
7307,7.307,-1.7617997988952239
7308,7.308,-1.7123241123588668
7309,7.309,-2.1795533111659973
7310,7.3100000000000005,-2.276338494821148
7311,7.311,-1.4558304538396145
7312,7.312,-1.9069724306487124
7313,7.313,-2.033078599808059
7314,7.314,-1.6846289829903067
7315,7.315,-1.9839171940916576
7316,7.316,-2.2041065372901265
7317,7.317,-2.003458650093812
7318,7.3180000000000005,-1.688208917059051
7319,7.319,-2.5670302561156055
7320,7.32,-2.022690345914393
7321,7.321,-1.4856818811250916
7322,7.322,-2.0159710204667762
7323,7.323,-1.3579722264335767
7324,7.324,-1.3544555613706177
7325,7.325,-1.7533946857220661
7326,7.3260000000000005,-1.8570487362680144
7327,7.327,-1.7234561678472426
7328,7.328,-0.7867591737396946
7329,7.329,-0.9709732680920179
7330,7.33,-1.441236421607259
7331,7.331,-1.6053878544417097
7332,7.332,-1.3305960213945867
7333,7.333,-1.2341529177032475
7334,7.3340000000000005,-1.62087877409703
7335,7.335,-1.1635610721554703
7336,7.336,-0.729844070242395
7337,7.337,-1.6048137316702475
7338,7.338,-0.7550840593604501
7339,7.339,-0.5284466676019234
7340,7.34,-1.0468184124949693
7341,7.341,-0.3082664655718549
7342,7.3420000000000005,-0.9617555758624057
7343,7.343,-0.5608961150087097
7344,7.344,-0.7244132604559803
7345,7.345,-0.6643963795709933
7346,7.346,-0.6983180981000292
7347,7.347,-0.24545848624970407
7348,7.348,-0.14351814297948134
7349,7.349,-0.3619916674232292
7350,7.3500000000000005,-0.6966841479385792
7351,7.351,-0.1154373911538229
7352,7.352,-0.059282947684627524
7353,7.353,-0.2023375492187725
7354,7.354,0.46934609718889353
7355,7.355,-0.5156884323496121
7356,7.356,-0.6696827611681313
7357,7.357,-0.18414676936123428
7358,7.3580000000000005,0.2853195215340343
7359,7.359,-0.2100808101414383
7360,7.36,-0.15583412735027963
7361,7.361,0.45277203246426445
7362,7.362,0.3323899727039551
7363,7.363,0.32999086416793155
7364,7.364,0.47157899449118623
7365,7.365,0.12685288220197305
7366,7.3660000000000005,0.1549191100222856
7367,7.367,0.5226636734457647
7368,7.368,-0.11573115863122702
7369,7.369,-0.3502006594417084
7370,7.37,0.16438049451083503
7371,7.371,0.5722513847970088
7372,7.372,0.36516584620426085
7373,7.373,0.5380989498751017
7374,7.3740000000000006,-0.33462972072827946
7375,7.375,0.35122491627327956
7376,7.376,0.43606755045714496
7377,7.377,-0.1849309736586901
7378,7.378,0.4564537315246313
7379,7.3790000000000004,0.1391050482399489
7380,7.38,1.0659572233562165
7381,7.381,-0.5392657110649409
7382,7.382000000000001,0.49143060318497356
7383,7.383,-0.07322236175043059
7384,7.384,-0.47815267414000495
7385,7.385,-0.19137975278978017
7386,7.386,0.007523291663409995
7387,7.3870000000000005,0.19106869172442237
7388,7.388,0.35006594306025796
7389,7.389,0.2119179971748359
7390,7.390000000000001,-0.5540351124641358
7391,7.391,0.02334839799059918
7392,7.392,-0.2509687965852607
7393,7.393,-0.6186214037076327
7394,7.394,-0.5407907444076752
7395,7.3950000000000005,-0.7460943747199181
7396,7.396,-0.5787395094556549
7397,7.397,-0.8661455422427955
7398,7.398000000000001,-1.0135358486036798
7399,7.399,-0.6196528437382476
7400,7.4,-0.633235189896552
7401,7.401,-0.9366680546509665
7402,7.402,-0.5285521095130301
7403,7.4030000000000005,-1.0752157915619784
7404,7.404,-1.1457971803780047
7405,7.405,-0.9141962005728237
7406,7.406000000000001,-1.2088119583763746
7407,7.407,-1.1996160891854848
7408,7.408,-2.0362575775744842
7409,7.409,-1.3291573842154296
7410,7.41,-1.9352222871721987
7411,7.4110000000000005,-1.8049746076128441
7412,7.412,-1.8895303849683158
7413,7.413,-1.8504620582695293
7414,7.414000000000001,-1.749502161479017
7415,7.415,-1.7762594623096768
7416,7.416,-1.4747084374526054
7417,7.417,-1.6490801561030572
7418,7.418,-2.325968878692545
7419,7.4190000000000005,-1.7684771027760753
7420,7.42,-1.7337072072639816
7421,7.421,-1.9613080216212146
7422,7.422000000000001,-1.9123370877450248
7423,7.423,-1.8660397227630208
7424,7.424,-1.7204982729486638
7425,7.425,-2.4467335693379106
7426,7.426,-2.069570653363445
7427,7.4270000000000005,-1.5633701453952884
7428,7.428,-1.6080387565501417
7429,7.429,-1.7924805669081654
7430,7.43,-1.8989908684256798
7431,7.431,-1.5734765569892306
7432,7.432,-1.5018993436866113
7433,7.433,-2.1209344355051387
7434,7.434,-2.3755844378424182
7435,7.4350000000000005,-2.165997480434836
7436,7.436,-1.1536957047155942
7437,7.437,-2.548979259883941
7438,7.438,-2.2125145098925674
7439,7.439,-2.4860967765285755
7440,7.44,-2.013601659729816
7441,7.441,-2.3984371218847103
7442,7.442,-2.0547687776726686
7443,7.4430000000000005,-2.5896613287573222
7444,7.444,-1.7998762185214006
7445,7.445,-1.5970969138650775
7446,7.446,-2.0558013699807414
7447,7.447,-1.9562289984314254
7448,7.448,-1.9381146535811413
7449,7.449,-1.8066317904778328
7450,7.45,-1.8426597712608928
7451,7.4510000000000005,-1.569652342319384
7452,7.452,-1.3977136923148157
7453,7.453,-1.9781304602614016
7454,7.454,-1.7918242343796673
7455,7.455,-1.3925774903760868
7456,7.456,-2.052611429680055
7457,7.457,-2.17947330037282
7458,7.458,-1.4816963181613323
7459,7.4590000000000005,-1.361298425912108
7460,7.46,-1.686869450279955
7461,7.461,-1.603205759255207
7462,7.462,-1.616640658905633
7463,7.463,-1.6072610578533664
7464,7.464,-1.0974486874187575
7465,7.465,-1.6177584835343901
7466,7.466,-1.3012575388950078
7467,7.4670000000000005,-1.4511545946950537
7468,7.468,-1.5741341619029257
7469,7.469,-0.8346058700831033
7470,7.47,-1.2099123486454362
7471,7.471,-0.9560052027577399
7472,7.472,-1.4238706057991029
7473,7.473,-1.1533473676952652
7474,7.474,-0.6637304819543428
7475,7.4750000000000005,-0.07470448085124926
7476,7.476,-1.4046792258710141
7477,7.477,-0.8337337981552095
7478,7.478,-0.6120194968805855
7479,7.479,-0.8836051324782117
7480,7.48,-0.40781053990722294
7481,7.481,-0.8874484831810239
7482,7.482,-0.5469516983130314
7483,7.4830000000000005,-0.7163643487125421
7484,7.484,-0.1615508433592157
7485,7.485,-0.6989661341982214
7486,7.486,-0.5713708787753726
7487,7.487,-0.1529629853269216
7488,7.488,-0.7170824939294856
7489,7.489,-0.3612161967558641
7490,7.49,-0.9029675114832871
7491,7.4910000000000005,-0.6581732159494891
7492,7.492,-0.19398183680677772
7493,7.493,-0.5839205385272743
7494,7.494,-0.4294531296342864
7495,7.495,-0.09882104851348056
7496,7.496,-0.4024781877947168
7497,7.497,0.03483323041346814
7498,7.498,-0.1319494563831095
7499,7.4990000000000006,-0.05191253477455682
7500,7.5,0.20235604657770173
7501,7.501,-0.06265493504687232
7502,7.502,0.31302858080953044
7503,7.503,0.13337185742011265
7504,7.5040000000000004,-0.28978169416694466
7505,7.505,0.2611023980356437
7506,7.506,-0.04313280328656634
7507,7.507000000000001,-0.237497874939623
7508,7.508,-0.03372528760530334
7509,7.509,0.21697072176289223
7510,7.51,0.018968237443864833
7511,7.511,0.42703187094582873
7512,7.5120000000000005,0.20281992898836215
7513,7.513,0.02905431854162921
7514,7.514,-0.44175716446519875
7515,7.515000000000001,-0.19517432012069752
7516,7.516,-0.1283328905140592
7517,7.517,0.0493362765572459
7518,7.518,0.02049972591195906
7519,7.519,-0.13209229128669578
7520,7.5200000000000005,-0.1602908564294405
7521,7.521,0.005133949699752921
7522,7.522,-0.48432951260776547
7523,7.523000000000001,0.2650313104331461
7524,7.524,-0.8757372122930872
7525,7.525,0.1560048079335845
7526,7.526,-0.3142435915367366
7527,7.527,-0.020993257841730673
7528,7.5280000000000005,-0.23467258754269438
7529,7.529,-0.2630175068114542
7530,7.53,-0.22446599207693665
7531,7.531000000000001,-0.17281615889340507
7532,7.532,-0.5398100144159991
7533,7.533,-0.15714852904889343
7534,7.534,-0.8201154546405474
7535,7.535,-0.524275581690456
7536,7.5360000000000005,-0.30045967794397604
7537,7.537,-0.2819459980617183
7538,7.538,-0.47199417720066067
7539,7.539000000000001,-0.7585579443112348
7540,7.54,-0.4023162761858857
7541,7.541,-0.90335341874501
7542,7.542,-0.20870818131775093
7543,7.543,-0.7914362104234103
7544,7.5440000000000005,-1.2600860521033117
7545,7.545,-1.1889673029634886
7546,7.546,-0.8499732792882976
7547,7.547000000000001,-0.8537013438773791
7548,7.548,-0.3373498368875575
7549,7.549,-1.2723455759370244
7550,7.55,-0.9813915433608283
7551,7.551,-1.3433099582733548
7552,7.5520000000000005,-1.2052846734753289
7553,7.553,-0.5839842351062993
7554,7.554,-1.4613781592450403
7555,7.555,-0.9752101257180582
7556,7.556,-1.0637701676476226
7557,7.557,-1.2186168472317231
7558,7.558,-1.0845904282423524
7559,7.559,-1.6167459461550888
7560,7.5600000000000005,-0.7993535978160344
7561,7.561,-0.7454293988381959
7562,7.562,-1.3344371727876665
7563,7.563,-0.6463065499289268
7564,7.564,-1.5165332567932208
7565,7.565,-1.2991320345156772
7566,7.566,-1.0109169052549232
7567,7.567,-1.598128752411631
7568,7.5680000000000005,-1.893496086169874
7569,7.569,-1.9797509894248209
7570,7.57,-0.8937355620044274
7571,7.571,-1.6849268044469619
7572,7.572,-1.5946122446261963
7573,7.573,-1.8837787503172474
7574,7.574,-1.2748462075646327
7575,7.575,-1.801511490261787
7576,7.5760000000000005,-1.720375454799025
7577,7.577,-1.4873149693690966
7578,7.578,-1.8987488699817825
7579,7.579,-1.633635160236478
7580,7.58,-1.1580605238874706
7581,7.581,-1.4470280399227113
7582,7.582,-1.5312256813075003
7583,7.583,-1.4989056824271227
7584,7.5840000000000005,-1.671169510032092
7585,7.585,-0.9447336680546856
7586,7.586,-1.7744677152663357
7587,7.587,-1.452884185139322
7588,7.588,-1.4651106397886675
7589,7.589,-1.1785804393454744
7590,7.59,-1.1300075416435458
7591,7.591,-1.4485058729051399
7592,7.5920000000000005,-1.327866385919592
7593,7.593,-1.290938504045665
7594,7.594,-2.0438866737255914
7595,7.595,-1.8100503237346035
7596,7.596,-1.484402353865405
7597,7.597,-1.439374778984153
7598,7.598,-1.5972405163663068
7599,7.599,-0.9777617279896745
7600,7.6000000000000005,-1.165877907680733
7601,7.601,-1.1935756502603063
7602,7.602,-1.4675297219665877
7603,7.603,-1.0645137398379005
7604,7.604,-1.7986674163072742
7605,7.605,-1.0182022109890485
7606,7.606,-0.9082557461055524
7607,7.607,-0.8118779364042553
7608,7.6080000000000005,-1.3103774588657862
7609,7.609,-0.7299588930854994
7610,7.61,-1.0657647541775928
7611,7.611,-0.9527963483339201
7612,7.612,-0.4493004438098971
7613,7.613,-0.016091949775542957
7614,7.614,-0.5607047990563645
7615,7.615,-0.7772867237214458
7616,7.6160000000000005,-0.43198143521761423
7617,7.617,-0.1637966618718159
7618,7.618,-0.21674650075680596
7619,7.619,0.4616117887469246
7620,7.62,-0.5350528784767511
7621,7.621,-0.20488071031716276
7622,7.622,0.22294378938509907
7623,7.623,0.24174023043767245
7624,7.6240000000000006,-0.7528103119485732
7625,7.625,-0.13388297575723593
7626,7.626,0.3458799140978549
7627,7.627,0.799505347324991
7628,7.628,0.17353476075384244
7629,7.6290000000000004,-0.11967480706309601
7630,7.63,-0.28566927015899696
7631,7.631,0.7071612882377584
7632,7.632000000000001,0.2825717182532761
7633,7.633,-0.17016453414068028
7634,7.634,0.04144727976640544
7635,7.635,0.21136442117471477
7636,7.636,0.2950901839232416
7637,7.6370000000000005,-0.12661567441284283
7638,7.638,-0.03201992608442181
7639,7.639,-0.3370596791370895
7640,7.640000000000001,0.4749270598137942
7641,7.641,0.062270135878751035
7642,7.642,0.30398208326501797
7643,7.643,0.5876663091132319
7644,7.644,0.22143459186742137
7645,7.6450000000000005,0.11366495837441501
7646,7.646,0.19543677272370777
7647,7.647,0.14357600589489475
7648,7.648000000000001,0.4835178133021325
7649,7.649,0.18571011961985012
7650,7.65,-0.09027683148977741
7651,7.651,0.3658398161068296
7652,7.652,0.3969982760286839
7653,7.6530000000000005,-0.3992754437126661
7654,7.654,0.4345162221969722
7655,7.655,0.05472882508302232
7656,7.656000000000001,-0.000795662756808993
7657,7.657,0.18349576775738852
7658,7.658,-0.32281344625422487
7659,7.659,0.09790072716854087
7660,7.66,-0.33828850638377983
7661,7.6610000000000005,-0.7058024443173772
7662,7.662,-0.6017300539883614
7663,7.663,-0.17227333915253137
7664,7.664000000000001,-0.6667503594634026
7665,7.665,0.05857064660150957
7666,7.666,-0.10947806254803677
7667,7.667,-0.10836459485294908
7668,7.668,-0.5132701363651686
7669,7.6690000000000005,-0.5156769889727052
7670,7.67,-0.99335445533626
7671,7.671,-0.37843367275342193
7672,7.672000000000001,-0.6047176365916952
7673,7.673,-0.5893952537816844
7674,7.674,-0.29328317527791337
7675,7.675,-1.0208775827408922
7676,7.676,-0.915218994999068
7677,7.6770000000000005,-0.8164951540286596
7678,7.678,-1.230938194917435
7679,7.679,-1.0409522805657152
7680,7.68,-0.86957332053864
7681,7.681,-1.1461619417876743
7682,7.682,-0.6850837099974879
7683,7.683,-1.5583519172470324
7684,7.684,-0.7934733957494651
7685,7.6850000000000005,-0.9550089181384969
7686,7.686,-1.3448024834286567
7687,7.687,-1.469902348266749
7688,7.688,-1.8326412773661445
7689,7.689,-1.4605585604075224
7690,7.69,-0.918705481391723
7691,7.691,-1.2578777695249448
7692,7.692,-0.8976393618197063
7693,7.6930000000000005,-1.4352201581631938
7694,7.694,-1.0370604691210374
7695,7.695,-1.4615574548089616
7696,7.696,-1.5302611423730643
7697,7.697,-1.2641653574317862
7698,7.698,-1.4201155906698157
7699,7.699,-1.6692423159594367
7700,7.7,-1.2440530125116411
7701,7.7010000000000005,-1.1376147179631064
7702,7.702,-0.7664887859775795
7703,7.703,-0.8407199459930486
7704,7.704,-0.7279175746581228
7705,7.705,-0.8473743752632954
7706,7.706,-0.9307987686822593
7707,7.707,-1.3639734717858032
7708,7.708,-0.9127373673500517
7709,7.7090000000000005,-0.7388751117520406
7710,7.71,-0.43881291943011963
7711,7.711,-0.6263250496812198
7712,7.712,-0.41442695152104553
7713,7.713,-1.0487686194681034
7714,7.714,-0.7881591686965732
7715,7.715,-0.5110773005497768
7716,7.716,-0.23998172565577597
7717,7.7170000000000005,-0.5791151642519499
7718,7.718,-0.50661580724792
7719,7.719,-0.22129841922760524
7720,7.72,-0.7101536278789244
7721,7.721,0.1653102528226021
7722,7.722,-0.5249136085270052
7723,7.723,-0.7809322921396674
7724,7.724,-0.14661856154334932
7725,7.7250000000000005,0.4153349133737441
7726,7.726,0.13670783765261751
7727,7.727,0.240432141526515
7728,7.728,0.08103312959073625
7729,7.729,0.07541838891172742
7730,7.73,-0.29100042312135277
7731,7.731,-0.45534869868928046
7732,7.732,0.32982867305441443
7733,7.7330000000000005,0.7115115098130922
7734,7.734,0.4659462226635279
7735,7.735,0.5927496793779657
7736,7.736,0.9216036507152376
7737,7.737,0.5836486446884986
7738,7.738,0.48432747667630555
7739,7.739,0.3091180775078326
7740,7.74,1.1922155569970054
7741,7.7410000000000005,0.7716040482557167
7742,7.742,0.3557543565559505
7743,7.743,0.3096916086163796
7744,7.744,1.05609405055412
7745,7.745,0.3849253402002131
7746,7.746,1.2650749318114607
7747,7.747,-0.10851897237534924
7748,7.748,1.1513770356052948
7749,7.7490000000000006,0.8734949053476755
7750,7.75,0.7624591482417729
7751,7.751,0.6703122134388624
7752,7.752,1.2828516732954554
7753,7.753,0.9170582603285152
7754,7.7540000000000004,0.41993457027928904
7755,7.755,0.1578585314480192
7756,7.756,0.7060823585456967
7757,7.757000000000001,0.6287156003333597
7758,7.758,0.14606974271362083
7759,7.759,0.5553331548077206
7760,7.76,0.36670888346557984
7761,7.761,0.5057310585815433
7762,7.7620000000000005,0.6820025623380169
7763,7.763,0.8706365140371182
7764,7.764,0.6516244536236812
7765,7.765000000000001,0.11624468357283452
7766,7.766,0.3948331844711636
7767,7.767,0.2524910939807715
7768,7.768,-0.21859692931818564
7769,7.769,0.2462482009211858
7770,7.7700000000000005,0.6279486826937706
7771,7.771,0.02346010553397094
7772,7.772,-0.5229307484425815
7773,7.773000000000001,-0.0950012235587213
7774,7.774,-0.5283992595611136
7775,7.775,0.0339981757894558
7776,7.776,-0.12880894377196483
7777,7.777,-0.3989039489784115
7778,7.7780000000000005,-0.5083088020314109
7779,7.779,-0.5337118954795665
7780,7.78,-0.5281817518239413
7781,7.781000000000001,-0.8222846599216614
7782,7.782,-1.066005768023103
7783,7.783,-0.3660412038809468
7784,7.784,-0.8799396382532412
7785,7.785,-0.7693673849010302
7786,7.7860000000000005,-0.7873480477841799
7787,7.787,-0.8278733996724732
7788,7.788,-1.3260747787450144
7789,7.789000000000001,-1.5238482636857151
7790,7.79,-1.2424082586072414
7791,7.791,-0.989156235413773
7792,7.792,-1.3655238126769031
7793,7.793,-1.2899276139897995
7794,7.7940000000000005,-0.5784695027331098
7795,7.795,-1.8002497959328196
7796,7.796,-1.4997240907598808
7797,7.797000000000001,-0.7273324818266458
7798,7.798,-1.3291935057474367
7799,7.799,-1.543412940378507
7800,7.8,-0.993007796037781
7801,7.801,-1.335234066793652
7802,7.8020000000000005,-1.4605421747621763
7803,7.803,-1.2986175388005516
7804,7.804,-1.5500343885690597
7805,7.805000000000001,-1.650093094075554
7806,7.806,-1.3671277116730807
7807,7.807,-1.6205106194576095
7808,7.808,-1.2941406151343895
7809,7.809,-1.1671649648616056
7810,7.8100000000000005,-0.9897483345070435
7811,7.811,-0.8755624901237082
7812,7.812,-1.3000938800715935
7813,7.813,-0.9892188867842201
7814,7.814,-0.9482842434096281
7815,7.815,-0.9511236681015869
7816,7.816,-1.1432792038887711
7817,7.817,-1.2545034448559134
7818,7.8180000000000005,-0.7389304757429582
7819,7.819,-1.341991233218708
7820,7.82,-0.8477966772431448
7821,7.821,-1.4683247197647296
7822,7.822,-1.0354013525852754
7823,7.823,-0.8275058121581702
7824,7.824,-0.16306644224719502
7825,7.825,-0.21140323839698488
7826,7.8260000000000005,-0.5080095571995848
7827,7.827,-0.04546723376542158
7828,7.828,0.08088465325554567
7829,7.829,-0.15362521657947692
7830,7.83,-0.43989079701720635
7831,7.831,-0.005462766583749952
7832,7.832,0.10943656937490699
7833,7.833,-0.14887034418796896
7834,7.8340000000000005,0.41297201862128025
7835,7.835,0.46848541178994646
7836,7.836,0.599192244450267
7837,7.837,0.6297105420248589
7838,7.838,0.8443220147482762
7839,7.839,0.6496547877421588
7840,7.84,0.8405920310445387
7841,7.841,0.7356315991381697
7842,7.8420000000000005,0.7525744489034589
7843,7.843,1.4002279376713955
7844,7.844,0.45410073769983594
7845,7.845,1.39618514246267
7846,7.846,1.0101737405835975
7847,7.847,1.031570190371077
7848,7.848,1.3921898023335408
7849,7.849,0.9206896954656613
7850,7.8500000000000005,1.1731845183109537
7851,7.851,1.2100833873413075
7852,7.852,1.4415176642275533
7853,7.853,1.3059600988104931
7854,7.854,2.0628398211234518
7855,7.855,2.1528488054368453
7856,7.856,1.0342330035146392
7857,7.857,1.82698617465978
7858,7.8580000000000005,1.93985433310931
7859,7.859,1.8593742154620843
7860,7.86,1.5088885641039014
7861,7.861,1.6385352299360987
7862,7.862,1.4883104640389944
7863,7.863,1.5833342952597762
7864,7.864,1.3386539860657134
7865,7.865,1.655077456331891
7866,7.8660000000000005,1.2222296040201117
7867,7.867,1.592329340528619
7868,7.868,1.252909733130151
7869,7.869,1.6605429722131995
7870,7.87,1.361682370794321
7871,7.871,1.615798339316756
7872,7.872,1.812441800781993
7873,7.873,1.9205055697605018
7874,7.8740000000000006,0.6374790399976054
7875,7.875,1.09449139352358
7876,7.876,1.1995188365532496
7877,7.877,1.371239203784993
7878,7.878,0.6779164058924736
7879,7.8790000000000004,0.8156557966877169
7880,7.88,1.0842314717579211
7881,7.881,1.0032201366606959
7882,7.882000000000001,1.0216723264693142
7883,7.883,0.9703476836838505
7884,7.884,0.8661330111747456
7885,7.885,0.748643656187105
7886,7.886,0.6321789845934648
7887,7.8870000000000005,0.7389516161226325
7888,7.888,-0.2088124686681665
7889,7.889,0.8493839445927056
7890,7.890000000000001,-0.35228051710712793
7891,7.891,-0.0915808932310358
7892,7.892,0.08760828349846965
7893,7.893,0.28149501211917194
7894,7.894,-0.8939504059724686
7895,7.8950000000000005,-0.07781013047512103
7896,7.896,0.09565347515608227
7897,7.897,0.08513526399415267
7898,7.898000000000001,-0.4918155953820582
7899,7.899,-0.4402896040641029
7900,7.9,-0.6001225860608053
7901,7.901,-0.5959347694349652
7902,7.902,-0.8479558502490507
7903,7.9030000000000005,-0.8626950259806314
7904,7.904,-0.5201775494256546
7905,7.905,-0.6624704214823957
7906,7.906000000000001,-0.6026801879551219
7907,7.907,-0.7307437875333314
7908,7.908,-0.6248945645934684
7909,7.909,-0.6103127483443236
7910,7.91,-1.4300940206589208
7911,7.9110000000000005,-1.1937959872075652
7912,7.912,-1.032875047129768
7913,7.913,-0.9921856367901716
7914,7.914000000000001,-1.2042293697884434
7915,7.915,-0.7432664316268035
7916,7.916,-0.43237688178205613
7917,7.917,-0.9757954626075047
7918,7.918,-1.007410767206796
7919,7.9190000000000005,-0.7747364600516724
7920,7.92,-1.581994851030231
7921,7.921,-1.0022123914382264
7922,7.922000000000001,-0.7014372659298389
7923,7.923,-1.168430987221657
7924,7.924,-1.3198012040775096
7925,7.925,-0.9800163799484125
7926,7.926,-0.9111093945422613
7927,7.9270000000000005,-1.1304215684803398
7928,7.928,-0.19030961578160976
7929,7.929,-0.9206368413846021
7930,7.930000000000001,-1.0776717148555388
7931,7.931,-0.7110305166327091
7932,7.932,-0.3589379626137765
7933,7.933,-0.5715721952729989
7934,7.934,-0.3739416476314412
7935,7.9350000000000005,-0.721401838830534
7936,7.936,0.048334042808497235
7937,7.937,-0.16537393439601786
7938,7.938,0.046415878564483815
7939,7.939,-0.09065309003061413
7940,7.94,0.11644680099809243
7941,7.941,-0.3224765070222439
7942,7.942,-0.13646907406124
7943,7.9430000000000005,0.4872502594047757
7944,7.944,0.6241965957646018
7945,7.945,-0.11448389499171235
7946,7.946,0.378090182870778
7947,7.947,0.247370324362317
7948,7.948,0.2407588623378224
7949,7.949,0.6080482180200485
7950,7.95,0.9369117300245379
7951,7.9510000000000005,0.8012356763355283
7952,7.952,0.6398781678200729
7953,7.953,0.9588644584809686
7954,7.954,0.7635706998529557
7955,7.955,1.0606488464643242
7956,7.956,1.419516049482859
7957,7.957,0.43892572295148935
7958,7.958,1.3605148669417098
7959,7.9590000000000005,0.7164978980444336
7960,7.96,1.6010479790378127
7961,7.961,1.0930973784824585
7962,7.962,0.9677491480707348
7963,7.963,1.5875473225217867
7964,7.964,1.5310951988458712
7965,7.965,1.1618295808755057
7966,7.966,1.1222046163847106
7967,7.9670000000000005,1.4750815874791243
7968,7.968,1.199961025407389
7969,7.969,1.2691948429700646
7970,7.97,1.6453221997222378
7971,7.971,1.3403965331571843
7972,7.972,1.7741501451741322
7973,7.973,2.1057676920261805
7974,7.974,1.6232099685659296
7975,7.9750000000000005,1.7124114882520896
7976,7.976,2.2809561711509843
7977,7.977,1.3180247737754403
7978,7.978,2.0271277212717447
7979,7.979,1.9832090070467658
7980,7.98,1.9072634231937222
7981,7.981,2.0244210884848357
7982,7.982,1.7040101463057924
7983,7.9830000000000005,1.4250224370328017
7984,7.984,1.9055793668175167
7985,7.985,1.8917373543916893
7986,7.986,1.8556646377210981
7987,7.987,1.5072605452628383
7988,7.988,1.2466973165449287
7989,7.989,1.4845758395336806
7990,7.99,1.673579070491751
7991,7.9910000000000005,1.6602611745449625
7992,7.992,1.1845772529164755
7993,7.993,1.3672757928163681
7994,7.994,0.8380577552906407
7995,7.995,1.4832341242037648
7996,7.996,0.9090340981254357
7997,7.997,1.3352915339773541
7998,7.998,0.7102139211819138
7999,7.9990000000000006,1.3195143040175956
8000,8.0,1.0617092923485227
8001,8.001,0.6859953791960854
8002,8.002,1.0834160744736403
8003,8.003,0.6550547092024329
8004,8.004,1.0139130458303094
8005,8.005,0.6646032917555679
8006,8.006,0.189392589797723
8007,8.007,0.3710992090249772
8008,8.008000000000001,0.49822599118520905
8009,8.009,1.0008974599157805
8010,8.01,0.8255861564697158
8011,8.011000000000001,1.0090560513431943
8012,8.012,0.9866271083075375
8013,8.013,0.3008580315389599
8014,8.014,0.3777061157911769
8015,8.015,0.28616411176616197
8016,8.016,0.18581278713133467
8017,8.017,-0.18495788535191576
8018,8.018,0.34587162639886093
8019,8.019,-0.049924091609731824
8020,8.02,0.31364024690855435
8021,8.021,0.9495070025786628
8022,8.022,0.15562369997223413
8023,8.023,0.363296775191528
8024,8.024000000000001,0.5760891677001891
8025,8.025,0.39020020365684593
8026,8.026,0.39864820076718815
8027,8.027000000000001,0.20971678870040536
8028,8.028,0.2591143518286105
8029,8.029,0.053570554992929065
8030,8.03,0.610878104355248
8031,8.031,-0.14736856505111184
8032,8.032,0.6868613446149889
8033,8.033,-0.0027690899484349996
8034,8.034,0.7321762658465668
8035,8.035,0.36443968032054047
8036,8.036,0.13023265684691854
8037,8.037,0.7046805515386081
8038,8.038,0.8423723107214902
8039,8.039,0.4667796362803858
8040,8.040000000000001,0.8503075809145522
8041,8.041,-0.014176009424230251
8042,8.042,0.31353727265343895
8043,8.043000000000001,1.1367807827589016
8044,8.044,0.7221033344679259
8045,8.045,0.2713155395333984
8046,8.046,0.6615469308595574
8047,8.047,0.6356859172311862
8048,8.048,0.9045075298952509
8049,8.049,0.8845693576871473
8050,8.05,1.0906992129774928
8051,8.051,1.0569498339625094
8052,8.052,1.5258461432329053
8053,8.053,1.2846103653729177
8054,8.054,1.3328801310056722
8055,8.055,1.5822983378123552
8056,8.056000000000001,1.1519652629849753
8057,8.057,0.924386793646073
8058,8.058,1.6977475628669312
8059,8.059000000000001,1.4073167510986706
8060,8.06,1.4373344859019033
8061,8.061,1.2324153782602278
8062,8.062,1.262034471825872
8063,8.063,1.7234556194996133
8064,8.064,1.7847432753811083
8065,8.065,1.7418590653905641
8066,8.066,1.759331955640991
8067,8.067,1.7041680403827553
8068,8.068,1.582145015783696
8069,8.069,1.4964566705931597
8070,8.07,1.9156548181143516
8071,8.071,1.4409960847872423
8072,8.072000000000001,1.6617030173498608
8073,8.073,1.304131012449881
8074,8.074,1.3391981478447013
8075,8.075,1.4548323379410157
8076,8.076,1.2702486591556696
8077,8.077,1.7336325841105238
8078,8.078,1.0698558152536783
8079,8.079,1.4812248992339991
8080,8.08,1.4656696338919613
8081,8.081,0.8544917194547482
8082,8.082,1.2346852249875522
8083,8.083,1.4105135719216098
8084,8.084,1.4268988204273678
8085,8.085,1.1992554185670674
8086,8.086,1.423806567433729
8087,8.087,1.1462074286435375
8088,8.088000000000001,1.1395832583915169
8089,8.089,1.1658530754980487
8090,8.09,1.321880161830583
8091,8.091,0.7932186485850499
8092,8.092,0.8009548598745574
8093,8.093,0.696502560425972
8094,8.094,0.7469793756091313
8095,8.095,1.22347219594212
8096,8.096,0.9160815872887638
8097,8.097,0.3535039005933874
8098,8.098,0.4613766077617203
8099,8.099,0.7023436645485899
8100,8.1,0.2680976097023491
8101,8.101,0.272728803268118
8102,8.102,0.8450540667217945
8103,8.103,0.20995186039990693
8104,8.104000000000001,0.6341322742197397
8105,8.105,0.6796693755128634
8106,8.106,0.040145876121360724
8107,8.107,-0.04772547550036349
8108,8.108,0.09765864288763042
8109,8.109,-0.18251544189439617
8110,8.11,0.14647395551862452
8111,8.111,0.017244691903889463
8112,8.112,0.15873744100618936
8113,8.113,0.44426874513433096
8114,8.114,0.24819563573163703
8115,8.115,0.1307618091536677
8116,8.116,-0.6213869315010607
8117,8.117,0.0893877943177038
8118,8.118,0.4647206691151822
8119,8.119,-0.9599686452397728
8120,8.120000000000001,0.14903312343963232
8121,8.121,-0.10272091128763278
8122,8.122,-0.3030948635731045
8123,8.123,0.20286531858185142
8124,8.124,0.49007181789954324
8125,8.125,0.2283232835900472
8126,8.126,-0.09305194980341464
8127,8.127,-0.23824309406838085
8128,8.128,0.1185883303382897
8129,8.129,0.3714185588048913
8130,8.13,0.03142703743181452
8131,8.131,0.10223900996134898
8132,8.132,1.0814156908611485
8133,8.133000000000001,0.6074254425170899
8134,8.134,0.6813241200283171
8135,8.135,-0.046026900606161714
8136,8.136000000000001,0.238857356250913
8137,8.137,0.5354074650775348
8138,8.138,0.27752542715938183
8139,8.139,1.1255541723123244
8140,8.14,1.1386209845607502
8141,8.141,0.6278896333559851
8142,8.142,1.3976887510834195
8143,8.143,0.9377232069024998
8144,8.144,1.7940109300906901
8145,8.145,1.1402810555605039
8146,8.146,1.350670224383636
8147,8.147,1.6797407455935922
8148,8.148,1.7257962687896953
8149,8.149000000000001,1.5789965169637303
8150,8.15,1.4669909053329744
8151,8.151,1.7471631320402312
8152,8.152000000000001,1.431439539603629
8153,8.153,1.804833476993689
8154,8.154,1.508572588789437
8155,8.155,1.388291284656368
8156,8.156,2.0176422515156505
8157,8.157,2.4596740234432346
8158,8.158,2.4354801723816792
8159,8.159,2.2079426635559023
8160,8.16,2.8291829152869155
8161,8.161,2.204497630694062
8162,8.162,1.8673314466286854
8163,8.163,1.852633199467456
8164,8.164,2.2143957493963677
8165,8.165000000000001,2.871935638370342
8166,8.166,2.4912163450809097
8167,8.167,2.8709854711855987
8168,8.168000000000001,3.2737841182896656
8169,8.169,2.493071690049978
8170,8.17,3.005704589437389
8171,8.171,3.0586137907702864
8172,8.172,2.669066878667745
8173,8.173,3.3593983088114827
8174,8.174,2.8880568001346814
8175,8.175,2.875781803557196
8176,8.176,3.636167395319685
8177,8.177,3.166472736914524
8178,8.178,3.2893340723815934
8179,8.179,3.4154401608204523
8180,8.18,2.806167934615204
8181,8.181000000000001,3.3637131834245113
8182,8.182,2.820795695577744
8183,8.183,2.785750898690445
8184,8.184000000000001,2.840540350709534
8185,8.185,2.703818134630972
8186,8.186,3.1007576058016344
8187,8.187,2.893418269553093
8188,8.188,2.620613055404908
8189,8.189,2.920761529441291
8190,8.19,2.582126132013161
8191,8.191,2.5085217033624727
8192,8.192,2.5599635163131804
8193,8.193,2.6191401314569656
8194,8.194,2.528314219464248
8195,8.195,2.230354343908624
8196,8.196,2.5183503043909816
8197,8.197000000000001,2.1195223074796425
8198,8.198,1.909130706006979
8199,8.199,1.5822013872198477
8200,8.2,2.232381610261373
8201,8.201,1.8540524806073384
8202,8.202,1.8248466655967817
8203,8.203,1.9851775917088348
8204,8.204,1.4369334493481183
8205,8.205,1.0756891781241675
8206,8.206,1.416202782991849
8207,8.207,1.3945955133336247
8208,8.208,1.1302435908348347
8209,8.209,1.5583377716770546
8210,8.21,0.27798512551891863
8211,8.211,1.268243074794117
8212,8.212,1.0790051825997287
8213,8.213000000000001,0.8894317746449723
8214,8.214,-0.33605760818605024
8215,8.215,0.964020243987175
8216,8.216,0.18714450660801224
8217,8.217,0.26131418388334526
8218,8.218,0.28355528040350836
8219,8.219,0.3808645119789002
8220,8.22,0.37739009929546685
8221,8.221,0.3835655566186478
8222,8.222,0.29405288481351466
8223,8.223,0.06238224061404807
8224,8.224,0.05229286824427015
8225,8.225,-0.4547240461113497
8226,8.226,-0.40368888448409945
8227,8.227,0.0436498433969138
8228,8.228,-0.016025859363922035
8229,8.229000000000001,-0.08772454382763131
8230,8.23,-0.492236113005302
8231,8.231,-0.09309116682909724
8232,8.232,-0.7381451554724487
8233,8.233,-0.08524100048630351
8234,8.234,-0.5004849263023103
8235,8.235,0.07418676832977311
8236,8.236,-0.8913867398470181
8237,8.237,0.09513021242766184
8238,8.238,-0.536327199692548
8239,8.239,-0.5308162283809015
8240,8.24,-0.34273528211041804
8241,8.241,-0.5897117394452126
8242,8.242,-0.37694554486221626
8243,8.243,-0.5465361046260275
8244,8.244,-0.5010099025158168
8245,8.245000000000001,-0.10562087680173315
8246,8.246,-0.4788302301284847
8247,8.247,-0.3913082815959519
8248,8.248,-0.521141775496973
8249,8.249,-0.20506394106427464
8250,8.25,0.39871760296460784
8251,8.251,-0.1859017109777656
8252,8.252,-0.08564279084098395
8253,8.253,0.26111857419422735
8254,8.254,0.16371389597915867
8255,8.255,1.0181082175037592
8256,8.256,0.3780858327172224
8257,8.257,0.6068339639908382
8258,8.258000000000001,0.8708281929688846
8259,8.259,0.9482629145704082
8260,8.26,0.825584622620198
8261,8.261000000000001,0.793236224757177
8262,8.262,1.5357744426649358
8263,8.263,0.9863906773675757
8264,8.264,0.9720712688618154
8265,8.265,0.9993348127113588
8266,8.266,0.7635570381529085
8267,8.267,1.6163355002639166
8268,8.268,0.7531764952511122
8269,8.269,1.5428719872565828
8270,8.27,1.5691238807451586
8271,8.271,2.3873265290180345
8272,8.272,1.2491235999470294
8273,8.273,1.6098683745005364
8274,8.274000000000001,1.9190270598553127
8275,8.275,1.9781151380150601
8276,8.276,1.9476827107249266
8277,8.277000000000001,2.1608774182395094
8278,8.278,1.8771985963747055
8279,8.279,2.4292047509091894
8280,8.28,1.689496601446766
8281,8.281,2.438863097923444
8282,8.282,2.3237464995334705
8283,8.283,2.862470294198891
8284,8.284,3.1342530744071126
8285,8.285,2.554652081517538
8286,8.286,3.113624667027239
8287,8.287,2.6400539579841666
8288,8.288,2.479500034899302
8289,8.289,3.3234627571719466
8290,8.290000000000001,2.9821331770661907
8291,8.291,2.849258764757369
8292,8.292,3.0719024302814364
8293,8.293000000000001,2.9616204436622957
8294,8.294,2.8679844355904542
8295,8.295,2.4960174904270036
8296,8.296,2.8138165497521794
8297,8.297,3.0788570133652953
8298,8.298,2.8478786004197967
8299,8.299,3.144230016447954
8300,8.3,2.9735213126310556
8301,8.301,2.576035833272423
8302,8.302,2.4210367545734
8303,8.303,2.743317107188365
8304,8.304,2.603376439584397
8305,8.305,2.8283389512636816
8306,8.306000000000001,2.4755620944531436
8307,8.307,2.4668594474271646
8308,8.308,2.9249420379579294
8309,8.309000000000001,2.6082613288689735
8310,8.31,2.3051691466240687
8311,8.311,2.4710527671271723
8312,8.312,2.8269771134068615
8313,8.313,2.446943408903941
8314,8.314,2.4803505406123887
8315,8.315,2.018804980990375
8316,8.316,2.492964411812853
8317,8.317,2.8197892733247
8318,8.318,1.825200341319266
8319,8.319,1.645522912025498
8320,8.32,1.9895794671206406
8321,8.321,2.1359757213176858
8322,8.322000000000001,1.7821019812351093
8323,8.323,1.4297428148102533
8324,8.324,1.6495081307414527
8325,8.325,1.7982811869339597
8326,8.326,1.4341006821934914
8327,8.327,1.6765209993132715
8328,8.328,1.7828556960143238
8329,8.329,1.4457541324665253
8330,8.33,1.3068625299392698
8331,8.331,1.5070998744568271
8332,8.332,0.9461657609921212
8333,8.333,0.8630860035445775
8334,8.334,1.017980152985516
8335,8.335,0.9009288742059949
8336,8.336,0.7602483805969902
8337,8.337,1.505487577432035
8338,8.338000000000001,1.5654899570304712
8339,8.339,0.7678758439630718
8340,8.34,0.8642404735576146
8341,8.341,0.7458330601018722
8342,8.342,1.1026918720171595
8343,8.343,1.1332480664767695
8344,8.344,0.18239422363201874
8345,8.345,0.8353422704793694
8346,8.346,0.2804344755616036
8347,8.347,1.182899484300483
8348,8.348,0.7734327466104348
8349,8.349,0.38329552847964676
8350,8.35,0.5498352853721861
8351,8.351,0.530436651820627
8352,8.352,0.7724962465756506
8353,8.353,0.9282609306209626
8354,8.354000000000001,0.27479034706149713
8355,8.355,1.1772240037792854
8356,8.356,1.116359768992395
8357,8.357,0.3837423808478082
8358,8.358,0.6824118050988909
8359,8.359,1.1904964114073635
8360,8.36,1.0661610462231854
8361,8.361,0.616534547199286
8362,8.362,0.9852565805375496
8363,8.363,1.6655153114220778
8364,8.364,0.8251823055597819
8365,8.365,0.6328639002516175
8366,8.366,0.9050177603838204
8367,8.367,0.959360055295627
8368,8.368,0.7614616318025933
8369,8.369,1.0859175507455288
8370,8.370000000000001,0.6127474717026126
8371,8.371,0.8259252478682861
8372,8.372,1.2903045980060672
8373,8.373,0.5741914457341991
8374,8.374,1.4098478484425612
8375,8.375,0.573819383436417
8376,8.376,0.6966530204604005
8377,8.377,1.1049643177681316
8378,8.378,1.3791482168235873
8379,8.379,1.7287780512333377
8380,8.38,1.3861327667857282
8381,8.381,1.3319257153554045
8382,8.382,1.616076771355357
8383,8.383000000000001,1.2163783977025684
8384,8.384,1.5539284787850862
8385,8.385,1.185616660520561
8386,8.386000000000001,1.6023511650515119
8387,8.387,1.5694156153622336
8388,8.388,1.3964461865460411
8389,8.389,1.7150715189020374
8390,8.39,1.7393418005592924
8391,8.391,2.0689347690781057
8392,8.392,1.2573609562435468
8393,8.393,1.737153718605465
8394,8.394,1.550914081413004
8395,8.395,2.057002693926965
8396,8.396,2.037343676743105
8397,8.397,1.9766105794765303
8398,8.398,1.6241277680819144
8399,8.399000000000001,2.1098866419131035
8400,8.4,1.3921006298407137
8401,8.401,1.3353659919007037
8402,8.402000000000001,1.4759481183385228
8403,8.403,1.8493620042722905
8404,8.404,2.060615191171481
8405,8.405,0.9619130505036877
8406,8.406,2.246234498476487
8407,8.407,1.881509650126745
8408,8.408,1.3627345422122352
8409,8.409,1.8524235432014688
8410,8.41,2.1372165948430912
8411,8.411,1.9749264861894886
8412,8.412,2.108842076007554
8413,8.413,1.3517433273713149
8414,8.414,1.6184694929702814
8415,8.415000000000001,1.4449637453856372
8416,8.416,2.216086666923749
8417,8.417,1.8699015446863136
8418,8.418000000000001,2.508416013161346
8419,8.419,1.4892955305212807
8420,8.42,1.3865932010808901
8421,8.421,1.5348255052354065
8422,8.422,1.96423048315977
8423,8.423,1.4134211001596362
8424,8.424,1.5327187442487447
8425,8.425,1.496235176358818
8426,8.426,1.4507407559537462
8427,8.427,1.214771946214058
8428,8.428,1.3409517398870754
8429,8.429,1.2999141753990275
8430,8.43,1.3237485435383758
8431,8.431000000000001,1.5815197077285978
8432,8.432,1.7995776653036275
8433,8.433,0.9927625488674023
8434,8.434000000000001,1.101475768164199
8435,8.435,0.9465227719051086
8436,8.436,1.2259714546515452
8437,8.437,0.9850993345572676
8438,8.438,1.1963368034173385
8439,8.439,1.4343869399422269
8440,8.44,0.32563014336850016
8441,8.441,1.2122409891258528
8442,8.442,0.9092863784210161
8443,8.443,1.1694686559496885
8444,8.444,0.7478148045910757
8445,8.445,1.3625060581266337
8446,8.446,1.2659808393163092
8447,8.447000000000001,1.152400188685356
8448,8.448,1.211315249687061
8449,8.449,0.7426894215508761
8450,8.45,0.7751052602858288
8451,8.451,1.18293646535477
8452,8.452,0.7246979405284384
8453,8.453,1.3881115307575733
8454,8.454,0.8583306889934437
8455,8.455,1.1085294987958356
8456,8.456,1.5918331412726865
8457,8.457,0.755804451037636
8458,8.458,0.9953959045162881
8459,8.459,1.2995624129809584
8460,8.46,1.2786312707294956
8461,8.461,0.9061960521340875
8462,8.462,0.8621129859799698
8463,8.463000000000001,0.9610242063789703
8464,8.464,1.4803349974216957
8465,8.465,0.9783729965586269
8466,8.466,1.1027120078477524
8467,8.467,0.9693871851670914
8468,8.468,1.3281316908156249
8469,8.469,1.1829890698904408
8470,8.47,0.8559062747062809
8471,8.471,0.8875524771873172
8472,8.472,0.6004561432972737
8473,8.473,0.972969369472088
8474,8.474,1.48328148565592
8475,8.475,1.6652752886339381
8476,8.476,1.4970945979179153
8477,8.477,1.4812404589095005
8478,8.478,1.3003739550890028
8479,8.479000000000001,1.5942585457877856
8480,8.48,1.47100664586315
8481,8.481,1.9495998924456388
8482,8.482,1.4015946583021957
8483,8.483,1.856534627806268
8484,8.484,1.7379332802190397
8485,8.485,1.7178862003848552
8486,8.486,0.91477433311792
8487,8.487,1.8172914091650072
8488,8.488,1.5198722936768179
8489,8.489,1.4437505787505742
8490,8.49,1.150012008249985
8491,8.491,1.610264267370279
8492,8.492,1.6381048433516532
8493,8.493,1.2522335678775
8494,8.494,1.2151961497745993
8495,8.495000000000001,1.816123038950351
8496,8.496,1.9434806146947943
8497,8.497,1.7497290281762377
8498,8.498,2.047385553054051
8499,8.499,1.6845037566822962
8500,8.5,1.7011726804588088
8501,8.501,1.448189262652415
8502,8.502,1.2597959983835318
8503,8.503,2.2875843730524927
8504,8.504,2.0726380583395523
8505,8.505,1.3163061680981307
8506,8.506,1.7803537848696358
8507,8.507,1.701951043309319
8508,8.508000000000001,1.6468880968886797
8509,8.509,1.6023051185269226
8510,8.51,1.8341428166243166
8511,8.511000000000001,1.9588200512814522
8512,8.512,1.8265738950375703
8513,8.513,1.661107292235114
8514,8.514,1.6404544205590321
8515,8.515,1.9580187759407441
8516,8.516,1.8043940395587095
8517,8.517,1.674631484299155
8518,8.518,1.6286424710202647
8519,8.519,1.7287543875835065
8520,8.52,1.469650878620843
8521,8.521,1.8408724259414346
8522,8.522,1.2552339399006738
8523,8.523,1.437514085355126
8524,8.524000000000001,1.72667531675017
8525,8.525,1.1853586458002336
8526,8.526,1.0347433946605151
8527,8.527000000000001,1.5065891613806153
8528,8.528,0.9594005440333447
8529,8.529,1.0590756920872677
8530,8.53,1.6558341996209303
8531,8.531,1.3473730202585268
8532,8.532,1.7742727222016348
8533,8.533,1.0069165568805198
8534,8.534,1.3198749441269069
8535,8.535,1.4476492198533872
8536,8.536,0.9563920923865563
8537,8.537,1.5969516174617628
8538,8.538,1.420649169846316
8539,8.539,0.7648679073907102
8540,8.540000000000001,1.216763920695857
8541,8.541,1.3245652707822781
8542,8.542,1.0127454166298253
8543,8.543000000000001,0.7271099785328095
8544,8.544,1.236264871155265
8545,8.545,1.7981339008313626
8546,8.546,1.0010981266894174
8547,8.547,1.5708164661921082
8548,8.548,0.8576437737683934
8549,8.549,1.1317303968146424
8550,8.55,1.2827214556082347
8551,8.551,1.0334093482781868
8552,8.552,0.9317586974387403
8553,8.553,1.2245446425357684
8554,8.554,1.5602523155634733
8555,8.555,1.0695825756306476
8556,8.556000000000001,0.811657065910286
8557,8.557,0.8970905152052238
8558,8.558,1.6979335896039647
8559,8.559000000000001,0.9709533875081139
8560,8.56,0.7410600491567562
8561,8.561,0.5651961937645251
8562,8.562,0.35069309925621506
8563,8.563,0.9976835015758092
8564,8.564,1.0755257207682958
8565,8.565,0.7510103161328836
8566,8.566,0.8567552853145585
8567,8.567,0.5016555664107079
8568,8.568,0.8845193039911736
8569,8.569,0.9812131779141352
8570,8.57,0.6685940639310751
8571,8.571,1.3288905363395664
8572,8.572000000000001,0.5634445839095494
8573,8.573,0.8926295027173363
8574,8.574,1.055258337466525
8575,8.575000000000001,0.7708984427699689
8576,8.576,0.7309894037255057
8577,8.577,0.3524252186986189
8578,8.578,1.1819270152863341
8579,8.579,0.7174655785468278
8580,8.58,0.9234054772359225
8581,8.581,0.9578129289395604
8582,8.582,0.5613336091757457
8583,8.583,0.684404856722687
8584,8.584,1.1378525450659405
8585,8.585,0.3961891155406136
8586,8.586,1.363554560076809
8587,8.587,0.4955341352559099
8588,8.588000000000001,0.35894169087858113
8589,8.589,0.7462748243113007
8590,8.59,1.3628582617216813
8591,8.591,0.12082653560113432
8592,8.592,0.6455715649403982
8593,8.593,0.824521904705577
8594,8.594,0.685520534978353
8595,8.595,0.7838152220702127
8596,8.596,0.4476870765823731
8597,8.597,0.47710094733305164
8598,8.598,0.6064925086656966
8599,8.599,0.3061569555077356
8600,8.6,0.6259465997158201
8601,8.601,0.5171076191958944
8602,8.602,0.48727197588246673
8603,8.603,0.7191949829256483
8604,8.604000000000001,0.07183485763632225
8605,8.605,0.544557563994829
8606,8.606,1.304036041998199
8607,8.607,0.27886784054054387
8608,8.608,0.986580074927638
8609,8.609,0.6139476842127909
8610,8.61,0.4137099575523907
8611,8.611,0.1959107808678936
8612,8.612,0.6320073894161599
8613,8.613,1.0246488407144532
8614,8.614,0.470954142762629
8615,8.615,0.5631106229143603
8616,8.616,0.8908178150923418
8617,8.617,0.6909324543729541
8618,8.618,0.11864033378591093
8619,8.619,0.6223569725176494
8620,8.620000000000001,1.049472061103073
8621,8.621,0.5885984677080707
8622,8.622,-0.21809481992357416
8623,8.623,0.7263010321822334
8624,8.624,0.5566165817275605
8625,8.625,0.0745912868492904
8626,8.626,0.12758645712338712
8627,8.627,0.9327847719130506
8628,8.628,0.43032441288953693
8629,8.629,0.3884651454250042
8630,8.63,0.6615877206738807
8631,8.631,0.49147294208943154
8632,8.632,0.7280878492678502
8633,8.633000000000001,0.6514736203545961
8634,8.634,0.36737281881939704
8635,8.635,0.5899444622444271
8636,8.636000000000001,0.8928938587777506
8637,8.637,0.790216716728816
8638,8.638,0.7714153198547636
8639,8.639,1.396323653287313
8640,8.64,1.0542500651917495
8641,8.641,1.1111846202957318
8642,8.642,0.82681744015707
8643,8.643,0.964405255057073
8644,8.644,0.7913356931778154
8645,8.645,1.1767337175733783
8646,8.646,0.9335965799759152
8647,8.647,1.0570646936247527
8648,8.648,1.0624959838450627
8649,8.649000000000001,1.0330866224689135
8650,8.65,1.9444138056358078
8651,8.651,0.8875200887890017
8652,8.652000000000001,0.9093975059625431
8653,8.653,1.3449283424388294
8654,8.654,0.9826449336327004
8655,8.655,1.0981009723622388
8656,8.656,0.8836792478861493
8657,8.657,1.3808221862105419
8658,8.658,1.4079760961627994
8659,8.659,1.184995718795352
8660,8.66,1.5162810422755095
8661,8.661,0.7660272875445586
8662,8.662,1.1323014199854073
8663,8.663,1.3134384051619412
8664,8.664,1.0319230084012603
8665,8.665000000000001,0.8771900314154254
8666,8.666,1.3265728331159778
8667,8.667,1.6431492069488425
8668,8.668000000000001,1.8343652780322428
8669,8.669,1.2990501804686554
8670,8.67,1.6953477868401712
8671,8.671,1.6770659314518146
8672,8.672,1.8609137954362245
8673,8.673,1.397946855031924
8674,8.674,0.969512060829762
8675,8.675,1.5345052714993064
8676,8.676,1.2119758423209228
8677,8.677,1.2999559722713157
8678,8.678,1.4257206225140644
8679,8.679,1.41163296570435
8680,8.68,1.5511153275921838
8681,8.681000000000001,1.7130123512665065
8682,8.682,1.3832195172379382
8683,8.683,1.601761358221135
8684,8.684000000000001,1.4750316201691183
8685,8.685,1.7367836412775288
8686,8.686,1.383116536996153
8687,8.687,1.397587143387877
8688,8.688,1.2885359773139065
8689,8.689,1.3298057041871876
8690,8.69,1.1191101199022782
8691,8.691,1.0631304273822009
8692,8.692,1.532499332389859
8693,8.693,0.9448122784565184
8694,8.694,1.142224876542721
8695,8.695,1.5089821087809212
8696,8.696,1.063271865747232
8697,8.697000000000001,1.3807486553028439
8698,8.698,0.916261707126276
8699,8.699,0.7381476813255994
8700,8.700000000000001,0.5335156096685439
8701,8.701,1.3628699838970266
8702,8.702,0.5837856412530844
8703,8.703,1.103588384291252
8704,8.704,0.5329153105746108
8705,8.705,1.180557465668689
8706,8.706,1.3988936878140052
8707,8.707,0.18159131238010828
8708,8.708,0.3120939574218783
8709,8.709,0.8188170785131085
8710,8.71,0.689642540492501
8711,8.711,0.7172654689650942
8712,8.712,0.26024203340442986
8713,8.713000000000001,0.9766442190905305
8714,8.714,0.36376570782167517
8715,8.715,-0.08870238892030169
8716,8.716,0.14866348319342487
8717,8.717,-0.18793656124806069
8718,8.718,0.5993627451372863
8719,8.719,-0.12653383002483898
8720,8.72,0.16945036663392601
8721,8.721,-0.16858729452912022
8722,8.722,-0.26020918920443825
8723,8.723,-0.6958822527881752
8724,8.724,0.010537456123296651
8725,8.725,0.17594152777479322
8726,8.726,-0.5321859350667584
8727,8.727,-0.7631311160625187
8728,8.728,-0.09922064030221872
8729,8.729000000000001,-0.873133433015985
8730,8.73,-0.050749365649835176
8731,8.731,-0.7234930341587107
8732,8.732,-0.8168634946262245
8733,8.733,-0.44309767314707543
8734,8.734,-0.8588270567809733
8735,8.735,-0.7871893713832059
8736,8.736,-0.49439326740598466
8737,8.737,-1.352659029669082
8738,8.738,-0.152293068114231
8739,8.739,-0.6507325337487531
8740,8.74,-1.068194471328375
8741,8.741,-0.9996009421611692
8742,8.742,-0.40867300739371804
8743,8.743,-0.5351881279524392
8744,8.744,-0.3063912340595128
8745,8.745000000000001,-0.9317471737016771
8746,8.746,-0.640024959701087
8747,8.747,-0.6006881602011576
8748,8.748,-0.5173313371680566
8749,8.749,-0.38259315356847023
8750,8.75,-0.9284597904107713
8751,8.751,-0.7377024986039045
8752,8.752,-0.8743712303367476
8753,8.753,-0.6927311141426804
8754,8.754,-0.45083330310148817
8755,8.755,-1.1378372581880516
8756,8.756,-0.28798542971201524
8757,8.757,-0.939692797542681
8758,8.758000000000001,-0.6653306369922091
8759,8.759,-0.17323241450719434
8760,8.76,-0.4195001149763339
8761,8.761000000000001,-0.3858075181570614
8762,8.762,-0.8099801468608852
8763,8.763,-0.7355970437105064
8764,8.764,-0.10512065780861479
8765,8.765,-0.528011887175031
8766,8.766,-0.4622590885964124
8767,8.767,0.014034486975919969
8768,8.768,-0.55044455142533
8769,8.769,-0.11408143390128794
8770,8.77,-0.14053255554619834
8771,8.771,-0.11204539587326615
8772,8.772,-0.22399941684236055
8773,8.773,-0.19916124537241728
8774,8.774000000000001,-0.30507010170494886
8775,8.775,0.20714883489491565
8776,8.776,-0.09403223327689
8777,8.777000000000001,0.44113924926013226
8778,8.778,0.12718071013331
8779,8.779,-0.07913960690813879
8780,8.78,0.21060694041352906
8781,8.781,0.20184869159908797
8782,8.782,0.6704846605221912
8783,8.783,0.29909046179723864
8784,8.784,0.3682519005541299
8785,8.785,0.9150923728888751
8786,8.786,0.6837149487672679
8787,8.787,1.068653379061438
8788,8.788,0.9850731252894259
8789,8.789,0.37755454016162426
8790,8.790000000000001,0.9757761348513476
8791,8.791,1.1701355152269477
8792,8.792,1.2047345787412225
8793,8.793000000000001,1.0721886913975405
8794,8.794,1.0953443258809916
8795,8.795,0.7420146125653241
8796,8.796,0.607666130014684
8797,8.797,0.7775748455077783
8798,8.798,0.40640804216502263
8799,8.799,1.3294923061419852
8800,8.8,0.8606428467706472
8801,8.801,1.3501437781630536
8802,8.802,0.6085190318792093
8803,8.803,1.3160699328363827
8804,8.804,0.8542046470359661
8805,8.805,0.626805786509312
8806,8.806000000000001,1.5077545644868895
8807,8.807,1.3573681568236706
8808,8.808,1.0923237622909472
8809,8.809000000000001,1.0406421810542301
8810,8.81,1.1620640393299704
8811,8.811,1.0864416984852912
8812,8.812,0.7863250010540445
8813,8.813,0.8944841571028367
8814,8.814,1.5985734111861873
8815,8.815,1.802462067542355
8816,8.816,1.4583075551871185
8817,8.817,1.1199407833908173
8818,8.818,0.8604330484399471
8819,8.819,0.7059496865460653
8820,8.82,0.7077808046312274
8821,8.821,0.7420091646075411
8822,8.822000000000001,1.5323803896834116
8823,8.823,1.406531498148697
8824,8.824,1.064778008592697
8825,8.825000000000001,0.5276501800102246
8826,8.826,1.057443971692326
8827,8.827,0.6904513543291858
8828,8.828,0.08752300379737854
8829,8.829,0.7898902818259526
8830,8.83,0.4205307613100065
8831,8.831,0.39910945042308654
8832,8.832,0.5339662422536161
8833,8.833,0.42636342913070224
8834,8.834,0.5316294688213145
8835,8.835,0.48259368330639196
8836,8.836,-0.09065833262098688
8837,8.837,0.8924288895932133
8838,8.838000000000001,0.1051265540637491
8839,8.839,0.07780947127708299
8840,8.84,0.22800889581359146
8841,8.841,0.2568365295670358
8842,8.842,0.6895675221267099
8843,8.843,0.29506830957873825
8844,8.844,0.34643459908029717
8845,8.845,0.22104850737666187
8846,8.846,0.1703089395894447
8847,8.847,0.156011331373787
8848,8.848,-0.5544195397853142
8849,8.849,-0.08713554289407177
8850,8.85,0.29913140485909306
8851,8.851,1.0959796979142682
8852,8.852,-0.4849324509125245
8853,8.853,-0.033347414253495605
8854,8.854000000000001,-0.3678946781101981
8855,8.855,0.3817594737902174
8856,8.856,-0.6742430136109372
8857,8.857,-0.11578787498005344
8858,8.858,-0.7601588906401532
8859,8.859,-0.46783259701599583
8860,8.86,-0.4163436979382278
8861,8.861,-0.11843012937201891
8862,8.862,-0.7952590293343794
8863,8.863,-0.3053331260440405
8864,8.864,-0.5304074137124062
8865,8.865,-0.48533646855838297
8866,8.866,-0.31023832187526407
8867,8.867,-1.0124888130125878
8868,8.868,-0.4139382808706416
8869,8.869,-0.8565868152532872
8870,8.870000000000001,-0.3853487584334611
8871,8.871,-0.6413298002241701
8872,8.872,-0.8315274215999233
8873,8.873,-0.9720292148736805
8874,8.874,-0.5737617108084513
8875,8.875,-0.46756558244885554
8876,8.876,-1.03017548048354
8877,8.877,-1.2340549329120867
8878,8.878,-0.7090824592758351
8879,8.879,-1.3744533459159411
8880,8.88,-1.3534468434230453
8881,8.881,-1.301847828538956
8882,8.882,-1.1282573890143763
8883,8.883000000000001,-1.4244398134499774
8884,8.884,-1.6244246421875048
8885,8.885,-1.401980886001912
8886,8.886000000000001,-0.88647803578604
8887,8.887,-1.4778564399269194
8888,8.888,-1.214936425960241
8889,8.889,-0.5445860817684285
8890,8.89,-1.1583530500182864
8891,8.891,-1.055098040758827
8892,8.892,-1.455162388344287
8893,8.893,-0.5350216173274168
8894,8.894,-1.3583698443527226
8895,8.895,-1.275516138618781
8896,8.896,-0.822237284303021
8897,8.897,-1.2812924218969435
8898,8.898,-1.2209492109199616
8899,8.899000000000001,-1.327471021851939
8900,8.9,-1.332145747594617
8901,8.901,-1.1443370088285005
8902,8.902000000000001,-1.0944330426375315
8903,8.903,-1.457132079583247
8904,8.904,-1.4968124933714746
8905,8.905,-1.4515252075743923
8906,8.906,-1.689897801821984
8907,8.907,-1.746305218375841
8908,8.908,-1.178574316665316
8909,8.909,-0.9835647444693413
8910,8.91,-1.0000971996034038
8911,8.911,-1.9711021394950623
8912,8.912,-1.323924305520757
8913,8.913,-1.5737189967488825
8914,8.914,-1.1914253298230961
8915,8.915000000000001,-1.3501007376941563
8916,8.916,-1.0361243714689163
8917,8.917,-1.2071123471865604
8918,8.918000000000001,-1.7565488418781436
8919,8.919,-1.462960691976407
8920,8.92,-1.1548847244007752
8921,8.921,-1.1120676131365388
8922,8.922,-1.541978684611579
8923,8.923,-1.5610850754736976
8924,8.924,-1.0618470064791479
8925,8.925,-1.4771047046389898
8926,8.926,-1.5325996261101031
8927,8.927,-1.1402970415095055
8928,8.928,-1.1267896552135495
8929,8.929,-1.216056535936433
8930,8.93,-1.1347442654155933
8931,8.931000000000001,-0.8893959662363996
8932,8.932,-1.0783902466199415
8933,8.933,-0.8088366406201651
8934,8.934000000000001,-0.910842912908807
8935,8.935,-0.7120627838549292
8936,8.936,-0.46360124700392036
8937,8.937,-0.4390980777429132
8938,8.938,-0.26738211654191985
8939,8.939,-0.36460023209325937
8940,8.94,-0.505969171245697
8941,8.941,-0.668421897365614
8942,8.942,-0.6150150625238049
8943,8.943,-0.7218310104461985
8944,8.944,-0.4165485316208948
8945,8.945,-0.16778428103219747
8946,8.946,-0.5535662189494756
8947,8.947000000000001,-0.30576050908270874
8948,8.948,-0.4564913245422505
8949,8.949,-0.14921933577253738
8950,8.950000000000001,-0.33573875751515914
8951,8.951,-0.35193203851015553
8952,8.952,-0.2935848908321266
8953,8.953,0.10142124988001905
8954,8.954,-0.039158227975457434
8955,8.955,-0.0998976708201745
8956,8.956,0.145021675744403
8957,8.957,-0.020683448548964617
8958,8.958,0.47768765045278955
8959,8.959,-0.11748667354445963
8960,8.96,0.15229330776921296
8961,8.961,-0.18067108124118503
8962,8.962,0.16762456560805478
8963,8.963000000000001,-0.2028267044924167
8964,8.964,0.5526804142734963
8965,8.965,0.584700485569153
8966,8.966,0.6141071207736525
8967,8.967,0.40967061405704974
8968,8.968,0.1571530984636495
8969,8.969,0.19897991681069038
8970,8.97,0.9138779971112853
8971,8.971,0.8989682153591025
8972,8.972,0.5160873179415798
8973,8.973,0.33323060627519663
8974,8.974,0.904584747397723
8975,8.975,0.2891384466838399
8976,8.976,0.5669942033056875
8977,8.977,0.9020846016349464
8978,8.978,0.24101750328858995
8979,8.979000000000001,0.7333336265533528
8980,8.98,0.6305769661431369
8981,8.981,0.4495662843415218
8982,8.982,0.14755671112609148
8983,8.983,0.20956328614386924
8984,8.984,0.49217900465352316
8985,8.985,-0.04606424999350728
8986,8.986,0.39290979976636087
8987,8.987,0.48592823950726927
8988,8.988,0.5863090852531686
8989,8.989,-0.1643952128880427
8990,8.99,0.6116364237956881
8991,8.991,0.6843533581200183
8992,8.992,0.2551614971075298
8993,8.993,-0.22547177858159567
8994,8.994,-0.061135336727282344
8995,8.995000000000001,-0.028019050431909137
8996,8.996,0.01405716005785733
8997,8.997,-0.11603985108429052
8998,8.998,-0.09594652977131242
8999,8.999,-0.2671835278339824
9000,9.0,-0.22197846863483764
9001,9.001,-0.5029862988132197
9002,9.002,-0.5312456480486418
9003,9.003,-0.6690678316309704
9004,9.004,0.01107322644658526
9005,9.005,-0.1940110324226509
9006,9.006,-0.5367560151199714
9007,9.007,-0.3768509222289102
9008,9.008000000000001,-0.6067871674649749
9009,9.009,-0.8644517017593546
9010,9.01,-1.4434774979761822
9011,9.011000000000001,-1.1437314443862363
9012,9.012,-1.2390084645941366
9013,9.013,-1.5518070807417434
9014,9.014,-1.7309260688589019
9015,9.015,-1.21009202818682
9016,9.016,-1.3328565400582906
9017,9.017,-1.8520287468302903
9018,9.018,-1.7963098412774587
9019,9.019,-1.2938853057169797
9020,9.02,-1.9740716501006932
9021,9.021,-1.7266768710234808
9022,9.022,-1.9004877916922225
9023,9.023,-1.7556108204245573
9024,9.024000000000001,-2.226492972090724
9025,9.025,-2.0028031720175847
9026,9.026,-2.0372616290000236
9027,9.027000000000001,-2.074617799412056
9028,9.028,-2.173353074466155
9029,9.029,-2.1445769726877173
9030,9.03,-1.6386724284312733
9031,9.031,-1.5733015015488676
9032,9.032,-2.5760776562354297
9033,9.033,-3.119440618262942
9034,9.034,-2.2819126769485263
9035,9.035,-2.4381311422823746
9036,9.036,-2.2059134468151673
9037,9.037,-2.4656825611110023
9038,9.038,-2.5571308404633726
9039,9.039,-2.2561919316653762
9040,9.040000000000001,-2.230925492296606
9041,9.041,-3.0407319764902585
9042,9.042,-2.8794324059361607
9043,9.043000000000001,-2.672280299795796
9044,9.044,-2.613680495865633
9045,9.045,-2.7100751672495504
9046,9.046,-2.5075563884519934
9047,9.047,-2.3310155133677144
9048,9.048,-2.1015819344301936
9049,9.049,-2.429826927540548
9050,9.05,-2.8409127000178542
9051,9.051,-2.6077996443742344
9052,9.052,-2.561294497229575
9053,9.053,-2.356200743887849
9054,9.054,-2.36293083621325
9055,9.055,-1.830025807818934
9056,9.056000000000001,-2.5464360507191257
9057,9.057,-2.2525742887658122
9058,9.058,-1.6188970390140072
9059,9.059000000000001,-2.4555978810115087
9060,9.06,-2.18875826540769
9061,9.061,-2.4657094881064108
9062,9.062,-2.1053767712899103
9063,9.063,-2.3097857148416243
9064,9.064,-1.7055085724280024
9065,9.065,-1.9174470230299845
9066,9.066,-2.1827805396091775
9067,9.067,-1.5890976600851834
9068,9.068,-1.7252291140053182
9069,9.069,-1.4300678820871233
9070,9.07,-1.9960921925503037
9071,9.071,-1.476294827421684
9072,9.072000000000001,-1.2895322062063286
9073,9.073,-1.5827602043686388
9074,9.074,-1.767455966789458
9075,9.075000000000001,-1.336217716797769
9076,9.076,-0.8894289215944959
9077,9.077,-0.854534690656692
9078,9.078,-1.2557877907958341
9079,9.079,-1.4477964583823788
9080,9.08,-1.1286707945750882
9081,9.081,-1.0773061130772001
9082,9.082,-0.7414365789336533
9083,9.083,-0.8467988082948941
9084,9.084,-0.982679097075501
9085,9.085,-0.3684451884108755
9086,9.086,-0.6023873721202805
9087,9.087,-0.460586661930966
9088,9.088000000000001,-1.0574410086717685
9089,9.089,-1.218123046894756
9090,9.09,-0.8752895799254418
9091,9.091,-0.543768224373637
9092,9.092,-0.18478076578860855
9093,9.093,-1.0210455972801333
9094,9.094,0.19610755794701396
9095,9.095,-0.19673050011739293
9096,9.096,0.19118505323133395
9097,9.097,-0.4546155100537126
9098,9.098,-0.012564175494321622
9099,9.099,-0.11608800427058487
9100,9.1,0.12266568081264617
9101,9.101,-0.17687316087820798
9102,9.102,0.04800643350265382
9103,9.103,0.24633509125012643
9104,9.104000000000001,-0.2731923613982321
9105,9.105,-0.0018318497737442874
9106,9.106,-0.6406697551139257
9107,9.107,0.13351124657274036
9108,9.108,0.5031338540200216
9109,9.109,-0.4656836261451198
9110,9.11,-0.1318758045254876
9111,9.111,0.14460330940397947
9112,9.112,-0.12810934097382282
9113,9.113,-0.10884758603959782
9114,9.114,-0.29929799949121
9115,9.115,-0.3367641186081125
9116,9.116,-0.26326175801689483
9117,9.117,-0.25621100728948
9118,9.118,-0.657030792790942
9119,9.119,-0.35861573669402
9120,9.120000000000001,0.09332304889786569
9121,9.121,-0.5435102392869098
9122,9.122,-0.8314678174406873
9123,9.123,-0.5501048399983647
9124,9.124,-0.7651955955566825
9125,9.125,-1.0000613608976539
9126,9.126,-0.6060400961097614
9127,9.127,-0.9114588023676139
9128,9.128,-0.9375886632182776
9129,9.129,-0.7570263831746359
9130,9.13,-1.31682919813142
9131,9.131,-1.433973241247351
9132,9.132,-0.7655303846084995
9133,9.133000000000001,-1.601856860646787
9134,9.134,-1.3718111430988105
9135,9.135,-1.6752091415578318
9136,9.136000000000001,-1.3376593225085076
9137,9.137,-1.1199383431007546
9138,9.138,-1.271035414188013
9139,9.139,-0.6432679159467576
9140,9.14,-1.0904323797841884
9141,9.141,-1.7509902203027599
9142,9.142,-1.8852317980209499
9143,9.143,-0.7677995399111613
9144,9.144,-1.3138285937859133
9145,9.145,-1.507576852291502
9146,9.146,-1.7126070357163325
9147,9.147,-1.7024669628211404
9148,9.148,-2.277295865885861
9149,9.149000000000001,-1.8323108553813894
9150,9.15,-1.9033141338418371
9151,9.151,-2.2396177663077292
9152,9.152000000000001,-2.171983199884799
9153,9.153,-1.596208775908791
9154,9.154,-2.12687438949341
9155,9.155,-1.5046969483522568
9156,9.156,-2.6830931935022817
9157,9.157,-2.35043845321953
9158,9.158,-2.6889224725051015
9159,9.159,-2.6165011501586557
9160,9.16,-2.529040199462607
9161,9.161,-2.2108368284046462
9162,9.162,-2.2481648067601956
9163,9.163,-2.552704870692563
9164,9.164,-3.0358812162901443
9165,9.165000000000001,-1.940777521325539
9166,9.166,-2.4842868971728644
9167,9.167,-2.745857772787522
9168,9.168000000000001,-2.3388642644954256
9169,9.169,-2.3683658204153457
9170,9.17,-2.5328698219863006
9171,9.171,-2.3959200657230615
9172,9.172,-2.789483722459975
9173,9.173,-2.215621549176411
9174,9.174,-2.7414478776669835
9175,9.175,-2.621073124772521
9176,9.176,-2.2400524049358927
9177,9.177,-2.0671297836498654
9178,9.178,-1.944604182941322
9179,9.179,-2.0940744121783097
9180,9.18,-2.497037488956631
9181,9.181000000000001,-2.849721104799861
9182,9.182,-1.9521541822808461
9183,9.183,-1.947458856166138
9184,9.184000000000001,-2.544068816267468
9185,9.185,-2.048814835531681
9186,9.186,-2.406484524908025
9187,9.187,-1.8371494308636223
9188,9.188,-2.421813019278135
9189,9.189,-1.652777602575767
9190,9.19,-1.9888328938093902
9191,9.191,-1.663056614190467
9192,9.192,-2.3185429789351613
9193,9.193,-2.0344884568740564
9194,9.194,-2.42296061923821
9195,9.195,-1.8548206248976966
9196,9.196,-1.8138801976609251
9197,9.197000000000001,-1.3398676137239585
9198,9.198,-1.889622289521137
9199,9.199,-1.7922112469446352
9200,9.200000000000001,-2.125906204628785
9201,9.201,-1.797537415061991
9202,9.202,-2.0493511618284233
9203,9.203,-1.8762559782733514
9204,9.204,-1.8345445407074592
9205,9.205,-1.9687844449156247
9206,9.206,-1.820763193436139
9207,9.207,-1.9291974176118971
9208,9.208,-1.9079442216792275
9209,9.209,-1.4489378554646892
9210,9.21,-1.6977613195610912
9211,9.211,-1.6252858744184433
9212,9.212,-2.1462230316803343
9213,9.213000000000001,-1.5622556943180461
9214,9.214,-1.511090682605404
9215,9.215,-1.771330921639457
9216,9.216000000000001,-1.0086402775305454
9217,9.217,-2.3039636280491784
9218,9.218,-1.365673288424982
9219,9.219,-1.3716841342904067
9220,9.22,-1.4083567043042957
9221,9.221,-1.50404466301078
9222,9.222,-1.3785568919421411
9223,9.223,-1.270937543477848
9224,9.224,-1.7375628365717564
9225,9.225,-1.4192184600811022
9226,9.226,-1.5539221979482667
9227,9.227,-1.8177702723679092
9228,9.228,-1.2659552946501225
9229,9.229000000000001,-1.642624456041404
9230,9.23,-1.9156154568620005
9231,9.231,-1.6216505792727223
9232,9.232,-1.6939497768943055
9233,9.233,-1.1407863561760554
9234,9.234,-1.3990922894901192
9235,9.235,-1.0267079133313108
9236,9.236,-1.6383958144340656
9237,9.237,-1.1737986645546288
9238,9.238,-0.5823782161466445
9239,9.239,-1.3262455854092314
9240,9.24,-1.173905469372994
9241,9.241,-1.2242239351722624
9242,9.242,-1.859295043010103
9243,9.243,-1.2578145533308487
9244,9.244,-1.3429845123206352
9245,9.245000000000001,-1.514662343383515
9246,9.246,-1.7042020064542756
9247,9.247,-1.2334671266869668
9248,9.248,-1.7364547446255767
9249,9.249,-0.8080952326032921
9250,9.25,-1.4177613344730453
9251,9.251,-1.8231801630874602
9252,9.252,-1.6149017124402874
9253,9.253,-1.548983653330883
9254,9.254,-0.7469846157070185
9255,9.255,-1.741531359686356
9256,9.256,-1.5167698816027193
9257,9.257,-1.6492874682849137
9258,9.258000000000001,-1.3444722669327742
9259,9.259,-1.6573957686487506
9260,9.26,-1.8493933185768348
9261,9.261000000000001,-1.5733705423828879
9262,9.262,-1.6119631175096207
9263,9.263,-1.7074356907898531
9264,9.264,-1.699276139925347
9265,9.265,-1.1903477157658553
9266,9.266,-1.6500550786100616
9267,9.267,-1.9030021523975549
9268,9.268,-1.710285609207831
9269,9.269,-1.5644956876862575
9270,9.27,-1.9910844544624418
9271,9.271,-1.112082432664627
9272,9.272,-1.3495431410579775
9273,9.273,-1.1909793227673653
9274,9.274000000000001,-1.5128841235021144
9275,9.275,-2.2694047830483943
9276,9.276,-1.1917542665659782
9277,9.277000000000001,-1.9227736958619335
9278,9.278,-1.9100018602524254
9279,9.279,-1.6403882914693884
9280,9.28,-1.2860572607983216
9281,9.281,-1.3960832926087874
9282,9.282,-1.4530329234883494
9283,9.283,-1.8316187935644122
9284,9.284,-1.8498120381425154
9285,9.285,-1.6615105720089314
9286,9.286,-1.8183816285208807
9287,9.287,-1.5269313678793053
9288,9.288,-1.5593530537006643
9289,9.289,-1.6459370667480515
9290,9.290000000000001,-2.596361286622041
9291,9.291,-1.815683507237939
9292,9.292,-1.902506767995915
9293,9.293000000000001,-1.8354651774751507
9294,9.294,-2.12843071124909
9295,9.295,-2.3160526086996724
9296,9.296,-1.7963649815704135
9297,9.297,-2.0590741532524
9298,9.298,-1.7968202351423028
9299,9.299,-2.187691790272834
9300,9.3,-1.57895464879675
9301,9.301,-1.7208140613887166
9302,9.302,-1.9495589100130293
9303,9.303,-2.120105782352542
9304,9.304,-1.8179166549491816
9305,9.305,-1.973370407284804
9306,9.306000000000001,-2.0369962618242363
9307,9.307,-1.8130544497527286
9308,9.308,-1.7151645956828445
9309,9.309000000000001,-2.5358906646253545
9310,9.31,-2.4921153387546124
9311,9.311,-2.4276613343930187
9312,9.312,-2.6606019628004467
9313,9.313,-2.2446563865771405
9314,9.314,-2.0613764422109155
9315,9.315,-2.2629945836703804
9316,9.316,-2.4314968080165995
9317,9.317,-1.947502670940128
9318,9.318,-2.256895952163255
9319,9.319,-2.2091887093114333
9320,9.32,-1.9781864844199102
9321,9.321,-2.373110437677563
9322,9.322000000000001,-1.7290175960719514
9323,9.323,-2.4915893366168955
9324,9.324,-1.767199241950134
9325,9.325000000000001,-2.667476716965182
9326,9.326,-2.2273756064621986
9327,9.327,-2.581998264528513
9328,9.328,-2.059000581220515
9329,9.329,-2.5429495660424895
9330,9.33,-2.3157704874670757
9331,9.331,-2.6006563287687916
9332,9.332,-2.1256671897212986
9333,9.333,-2.6037518980392633
9334,9.334,-1.9010187490061392
9335,9.335,-2.7026607152743343
9336,9.336,-2.804149637185412
9337,9.337,-2.110359164383271
9338,9.338000000000001,-2.567430891153677
9339,9.339,-2.3849603444109215
9340,9.34,-2.4710433815513038
9341,9.341000000000001,-2.758461579378404
9342,9.342,-2.3768106407597704
9343,9.343,-1.9619994411684678
9344,9.344,-2.0270295805288785
9345,9.345,-2.243674508355828
9346,9.346,-1.963532931126665
9347,9.347,-2.5978476559962758
9348,9.348,-2.359206720890181
9349,9.349,-2.123233032713084
9350,9.35,-2.260358858972853
9351,9.351,-2.2734311401552545
9352,9.352,-2.536654818268847
9353,9.353,-2.7769114265094172
9354,9.354000000000001,-1.8822119633540355
9355,9.355,-2.0287335173315206
9356,9.356,-1.8043472007561157
9357,9.357,-2.1785399328724306
9358,9.358,-2.232861324108461
9359,9.359,-1.9880228746937596
9360,9.36,-1.7040546361861426
9361,9.361,-1.999516081223604
9362,9.362,-1.6588230712200092
9363,9.363,-2.1701181438152766
9364,9.364,-1.8851951848488253
9365,9.365,-1.8260805677379606
9366,9.366,-1.4052486932265653
9367,9.367,-1.6789170682749166
9368,9.368,-1.1854299568922748
9369,9.369,-2.081704576455418
9370,9.370000000000001,-1.606758461932269
9371,9.371,-1.5605309980855653
9372,9.372,-1.3973130860647935
9373,9.373,-1.7968077025123732
9374,9.374,-1.0174865451846509
9375,9.375,-1.4896080922788477
9376,9.376,-1.791044269201252
9377,9.377,-1.4420014427043266
9378,9.378,-1.5043479706107263
9379,9.379,-0.5496614997701985
9380,9.38,-1.0449983502533955
9381,9.381,-1.321637445227784
9382,9.382,-1.347956466877418
9383,9.383000000000001,-1.0082850339992722
9384,9.384,-0.9746203191579826
9385,9.385,-2.1299553771630158
9386,9.386000000000001,-1.0474135741072492
9387,9.387,-1.2174240149596132
9388,9.388,-1.6064088277500905
9389,9.389,-0.9380662815134421
9390,9.39,-0.5192117227985579
9391,9.391,-1.018894809465898
9392,9.392,-0.8506487341198916
9393,9.393,-0.6364087773578561
9394,9.394,-1.4256541117703825
9395,9.395,-1.7348763429031075
9396,9.396,-0.9837021840695908
9397,9.397,-1.2603536180099661
9398,9.398,-1.6057988994817858
9399,9.399000000000001,-1.2266545389579673
9400,9.4,-0.9967812821837592
9401,9.401,-1.2737631394757536
9402,9.402000000000001,-1.4813228780593646
9403,9.403,-1.3306926093255245
9404,9.404,-1.289991944627023
9405,9.405,-1.8856179438988132
9406,9.406,-1.374312359064132
9407,9.407,-1.761531048993456
9408,9.408,-1.1892661674301617
9409,9.409,-1.88597492574819
9410,9.41,-1.146426618062201
9411,9.411,-1.6073743459132728
9412,9.412,-1.6836548289620796
9413,9.413,-1.4702320689342272
9414,9.414,-1.8577705655747654
9415,9.415000000000001,-1.5552244487904507
9416,9.416,-1.9007701021342558
9417,9.417,-1.8917483606034442
9418,9.418000000000001,-1.647908355815798
9419,9.419,-2.1569614875266576
9420,9.42,-2.24153262380287
9421,9.421,-1.835460625387201
9422,9.422,-1.9664249592154774
9423,9.423,-1.9567773359049443
9424,9.424,-1.958597198638823
9425,9.425,-2.0895210128160824
9426,9.426,-1.9743561218795564
9427,9.427,-2.1776711418780335
9428,9.428,-2.8591396994278275
9429,9.429,-2.8311478012758116
9430,9.43,-1.77787687635704
9431,9.431000000000001,-2.405221833086347
9432,9.432,-2.1685121868832353
9433,9.433,-2.604853787592712
9434,9.434000000000001,-2.565179406844903
9435,9.435,-2.729349540900579
9436,9.436,-1.8979203024079474
9437,9.437,-2.604739148038457
9438,9.438,-2.882701818442498
9439,9.439,-3.257624993607557
9440,9.44,-2.2082176950669092
9441,9.441,-2.885625364776062
9442,9.442,-2.6476840705975615
9443,9.443,-2.646353075543017
9444,9.444,-3.0719757229582147
9445,9.445,-2.759031291716307
9446,9.446,-3.1672122542364742
9447,9.447000000000001,-3.3057680084191787
9448,9.448,-2.6793444206771935
9449,9.449,-3.0934739041614003
9450,9.450000000000001,-2.9050079012575547
9451,9.451,-2.9489703955014694
9452,9.452,-2.889628493784174
9453,9.453,-3.553750690864238
9454,9.454,-3.2651298916793583
9455,9.455,-3.1865694094748616
9456,9.456,-3.335253164640599
9457,9.457,-2.950564649847438
9458,9.458,-2.713514679361529
9459,9.459,-2.6531947365986297
9460,9.46,-3.142532249263845
9461,9.461,-2.934065139937824
9462,9.462,-2.865728307115043
9463,9.463000000000001,-2.787721124405227
9464,9.464,-3.209161709802337
9465,9.465,-2.3681622050488125
9466,9.466000000000001,-2.6020410624801187
9467,9.467,-2.5569713144979587
9468,9.468,-2.4416761459241916
9469,9.469,-2.5996796529980477
9470,9.47,-3.0226662814113396
9471,9.471,-2.708156703311961
9472,9.472,-3.1113173361412962
9473,9.473,-2.4386702862745686
9474,9.474,-2.558918855365229
9475,9.475,-2.4631708381382813
9476,9.476,-2.030701076667689
9477,9.477,-2.468052430803524
9478,9.478,-2.3439530177336168
9479,9.479000000000001,-2.1975440999330687
9480,9.48,-2.690566267226916
9481,9.481,-2.1515917876685937
9482,9.482,-2.7496503398374275
9483,9.483,-2.110810005084569
9484,9.484,-1.6091118921341994
9485,9.485,-1.6614510459537128
9486,9.486,-1.9036633316671245
9487,9.487,-1.6423663758808533
9488,9.488,-1.9064738312359806
9489,9.489,-1.5142148420475523
9490,9.49,-0.5642961405553601
9491,9.491,-0.8200596601408092
9492,9.492,-1.289130118216639
9493,9.493,-1.1888795819286007
9494,9.494,-1.4638669226200727
9495,9.495000000000001,-1.3448540696159001
9496,9.496,-0.9314021880032821
9497,9.497,-1.1348572048213044
9498,9.498,-0.6452365218231166
9499,9.499,-0.3865919507663639
9500,9.5,-0.7008118285775519
9501,9.501,-0.7154164566412233
9502,9.502,-1.1978998732399067
9503,9.503,-0.419643999790015
9504,9.504,-0.9399599970654899
9505,9.505,-0.6779944624732773
9506,9.506,-0.22337782142409723
9507,9.507,-0.16402457379966912
9508,9.508000000000001,-0.5777574126533371
9509,9.509,-0.5285857525541309
9510,9.51,-0.5871582811482283
9511,9.511000000000001,-0.7116000339001375
9512,9.512,-0.5210689169079886
9513,9.513,-0.79652691522374
9514,9.514,-0.09325494049144151
9515,9.515,-0.16907800477293267
9516,9.516,-0.11225098431174066
9517,9.517,-0.5634469450027945
9518,9.518,-0.6361222161666127
9519,9.519,-0.2657895614404187
9520,9.52,-0.27062146725170416
9521,9.521,-0.3457952679399357
9522,9.522,-0.40395315329564985
9523,9.523,0.17693083355161288
9524,9.524000000000001,-0.23134619303633572
9525,9.525,0.20559157418302565
9526,9.526,-0.034925819439794226
9527,9.527000000000001,0.06188828618988995
9528,9.528,-0.8083035430262326
9529,9.529,-0.34818980584123815
9530,9.53,-0.6990534838333003
9531,9.531,-1.1150219216157529
9532,9.532,-0.21667095444941897
9533,9.533,-0.8059060728347597
9534,9.534,-1.0893843357023751
9535,9.535,-0.9548689365671533
9536,9.536,-1.1294575587096114
9537,9.537,-1.1610824067128849
9538,9.538,-1.0839701440389256
9539,9.539,-0.5647295133134791
9540,9.540000000000001,-1.3521530231377263
9541,9.541,-0.7243843432924836
9542,9.542,-1.0388666540772897
9543,9.543000000000001,-1.247249402663059
9544,9.544,-1.2153821175641748
9545,9.545,-1.510292794610675
9546,9.546,-1.2038374698066208
9547,9.547,-1.4953186104145815
9548,9.548,-2.2408739267724878
9549,9.549,-1.7287643753765767
9550,9.55,-1.6585209287301244
9551,9.551,-2.0561960683030063
9552,9.552,-2.006915144610029
9553,9.553,-2.3032635004241393
9554,9.554,-2.6064322872569665
9555,9.555,-2.730928930824049
9556,9.556000000000001,-2.798351538932815
9557,9.557,-2.2064913971241222
9558,9.558,-3.222639520067612
9559,9.559000000000001,-2.742047968265424
9560,9.56,-2.836374683083326
9561,9.561,-2.753759020179721
9562,9.562,-3.286168410501943
9563,9.563,-2.6657391610414507
9564,9.564,-3.2239094136672803
9565,9.565,-2.5545401647269674
9566,9.566,-3.1302015826564826
9567,9.567,-3.018746321177968
9568,9.568,-3.032180359899284
9569,9.569,-3.0000370575821838
9570,9.57,-3.0988442552267013
9571,9.571,-3.271267506690157
9572,9.572000000000001,-3.069865266268938
9573,9.573,-3.0589631128386126
9574,9.574,-3.4506885426672826
9575,9.575000000000001,-3.111833119887944
9576,9.576,-2.8970276801931023
9577,9.577,-3.053741038259059
9578,9.578,-2.9928974798046273
9579,9.579,-3.224249613860379
9580,9.58,-3.5559915628442296
9581,9.581,-3.513464606861885
9582,9.582,-3.16614335921764
9583,9.583,-2.966951888364576
9584,9.584,-2.397840294079005
9585,9.585,-2.9191001746652083
9586,9.586,-3.541058284928736
9587,9.587,-3.3926952282715956
9588,9.588000000000001,-2.4479155766686467
9589,9.589,-3.161191423476031
9590,9.59,-3.044554923711555
9591,9.591000000000001,-3.30549194908214
9592,9.592,-2.5031169699435725
9593,9.593,-2.7746611691145833
9594,9.594,-3.106202737114802
9595,9.595,-3.118102473522608
9596,9.596,-2.6711278039314834
9597,9.597,-2.690699516016827
9598,9.598,-2.3924818568121915
9599,9.599,-2.4138077643495626
9600,9.6,-2.5908096417991464
9601,9.601,-2.606116046790287
9602,9.602,-2.4205745041118165
9603,9.603,-2.465686192116465
9604,9.604000000000001,-2.2658756069627155
9605,9.605,-2.1468389119963587
9606,9.606,-2.3449009385323345
9607,9.607,-1.8090436613051273
9608,9.608,-2.0312583467333325
9609,9.609,-2.093916494607106
9610,9.61,-1.8675764162541266
9611,9.611,-1.6098650187004324
9612,9.612,-1.5779678730790687
9613,9.613,-1.3966520684420454
9614,9.614,-1.1744447908704236
9615,9.615,-0.973560783280008
9616,9.616,-1.2011024682351867
9617,9.617,-1.530061515748741
9618,9.618,-1.2134264399148467
9619,9.619,-1.3585706678367182
9620,9.620000000000001,-0.47409639141679183
9621,9.621,-0.31426718814393206
9622,9.622,-0.6443437120650958
9623,9.623,-0.5126163739830082
9624,9.624,-0.6275027192139826
9625,9.625,-0.5276570643021737
9626,9.626,-1.0535907278769252
9627,9.627,-0.5357370343942707
9628,9.628,-0.7195516605898558
9629,9.629,-0.31500933651459406
9630,9.63,-0.3641815486166819
9631,9.631,0.2880915645315526
9632,9.632,0.026507752348533364
9633,9.633000000000001,-0.11860894900108813
9634,9.634,-0.2425624790794094
9635,9.635,0.37870013989018825
9636,9.636000000000001,-0.09788971903755726
9637,9.637,0.04257507771584444
9638,9.638,-0.015549996199968665
9639,9.639,-0.12408172897895568
9640,9.64,0.030162113155244728
9641,9.641,-0.550699781757361
9642,9.642,-0.41112131979152616
9643,9.643,0.1699947762672362
9644,9.644,0.5440978661417415
9645,9.645,0.18326480364200448
9646,9.646,-0.13550456643697148
9647,9.647,-0.3537683888274143
9648,9.648,0.3096363777059391
9649,9.649000000000001,-0.10393857304912807
9650,9.65,0.24793371998141714
9651,9.651,0.15752451041520213
9652,9.652000000000001,0.16658024822573086
9653,9.653,0.012690598567488791
9654,9.654,0.09429633733354344
9655,9.655,-0.08288273940320699
9656,9.656,-0.26663936370504304
9657,9.657,-0.39675290469673924
9658,9.658,-0.8574140407017381
9659,9.659,-0.23289722779363692
9660,9.66,0.23826409356934297
9661,9.661,-0.0397249931569687
9662,9.662,-0.23372885660249154
9663,9.663,-0.5675028067165009
9664,9.664,-0.09519695921414867
9665,9.665000000000001,-0.4789938725220998
9666,9.666,-0.021092331068570447
9667,9.667,-0.8397011937010447
9668,9.668000000000001,-0.823458505391287
9669,9.669,-0.9068890190808223
9670,9.67,-1.1525876850767036
9671,9.671,-1.0451683035370878
9672,9.672,-0.7899053741574561
9673,9.673,-1.0919121573787471
9674,9.674,-2.0929658324829292
9675,9.675,-0.6718462404061547
9676,9.676,-1.5575594174704508
9677,9.677,-0.9337493965547646
9678,9.678,-1.1591803634545754
9679,9.679,-0.5910584410799428
9680,9.68,-0.9844676629974657
9681,9.681000000000001,-1.4916426639632392
9682,9.682,-1.606873767873879
9683,9.683,-1.0005850202723754
9684,9.684000000000001,-1.948339848462245
9685,9.685,-1.501391118792955
9686,9.686,-1.6498477420094648
9687,9.687,-1.7639983618371766
9688,9.688,-1.604044443240396
9689,9.689,-1.7007391005639962
9690,9.69,-1.666231394541358
9691,9.691,-1.805840285848779
9692,9.692,-1.7644524331663347
9693,9.693,-1.9020245895530632
9694,9.694,-2.166109200378823
9695,9.695,-2.003219216655263
9696,9.696,-2.252692908770045
9697,9.697000000000001,-2.304199309997522
9698,9.698,-2.2003317556300543
9699,9.699,-2.1623500875263346
9700,9.700000000000001,-2.1405787994978644
9701,9.701,-1.8983998136733211
9702,9.702,-2.3425266046074595
9703,9.703,-2.1510816968597237
9704,9.704,-2.1893300699250497
9705,9.705,-2.419360532153038
9706,9.706,-2.2241034419804153
9707,9.707,-1.9522763170914215
9708,9.708,-2.201420829012473
9709,9.709,-2.1910957456151867
9710,9.71,-2.469797177541185
9711,9.711,-1.6641153145590055
9712,9.712,-2.4433233916446158
9713,9.713000000000001,-2.7406924837475914
9714,9.714,-1.9713742939967762
9715,9.715,-2.2505168047174333
9716,9.716000000000001,-2.2912405862833083
9717,9.717,-2.3459138023929054
9718,9.718,-1.6003701110610478
9719,9.719,-2.032920015697927
9720,9.72,-1.949623137397828
9721,9.721,-2.03892132913749
9722,9.722,-1.9778261270859439
9723,9.723,-1.6084413437699319
9724,9.724,-2.0706044498551583
9725,9.725,-2.397962565811489
9726,9.726,-1.664297604298727
9727,9.727,-1.73792415874301
9728,9.728,-1.8152405191751622
9729,9.729000000000001,-1.6656812268591803
9730,9.73,-1.8760721145700456
9731,9.731,-1.7153496494807468
9732,9.732,-1.7166427877899573
9733,9.733,-1.809122496089803
9734,9.734,-1.2285380960005394
9735,9.735,-1.9617556481870797
9736,9.736,-0.7818801469743264
9737,9.737,-1.1783864093286138
9738,9.738,-1.925926753986161
9739,9.739,-1.410317018397844
9740,9.74,-1.34386298372371
9741,9.741,-1.1257689959764476
9742,9.742,-1.4900918796808826
9743,9.743,-1.1336248968762288
9744,9.744,-1.1296350288151298
9745,9.745000000000001,-1.2648646049704417
9746,9.746,-1.2571968310120794
9747,9.747,-0.6695312334213127
9748,9.748,-1.4056534932244604
9749,9.749,-0.7054188461943489
9750,9.75,-0.5623216015739034
9751,9.751,-0.8207108510920216
9752,9.752,-0.6938620238454414
9753,9.753,-0.3159002458370347
9754,9.754,-0.8328028175160951
9755,9.755,-0.7593416428385849
9756,9.756,-0.6861623158972698
9757,9.757,-0.147832890708121
9758,9.758000000000001,-0.07096355204293658
9759,9.759,-0.8400095379869696
9760,9.76,-0.08338880628007472
9761,9.761000000000001,-0.1050890061455172
9762,9.762,0.14828447952707857
9763,9.763,-0.17087199211446097
9764,9.764,-0.2699126361783045
9765,9.765,0.11504290496765512
9766,9.766,0.007570983911932061
9767,9.767,0.4960718486359531
9768,9.768,0.13317312709995038
9769,9.769,-0.08718059606170464
9770,9.77,-0.4660620774790982
9771,9.771,-0.2704831225933888
9772,9.772,-0.5111701537304937
9773,9.773,-0.13087915650436446
9774,9.774000000000001,0.22368325295850328
9775,9.775,-0.04480855730306414
9776,9.776,0.27145649938164534
9777,9.777000000000001,0.07308777692799481
9778,9.778,-0.14398639005913302
9779,9.779,0.006625697172998522
9780,9.78,0.1236614461268174
9781,9.781,0.0238212114897067
9782,9.782,0.025642411761525943
9783,9.783,-0.2534964199420923
9784,9.784,-0.15745349636295333
9785,9.785,0.643681810583427
9786,9.786,0.32691843510796337
9787,9.787,-0.4929577782702798
9788,9.788,-0.771445851397512
9789,9.789,-0.05035675571857059
9790,9.790000000000001,0.1817169747668726
9791,9.791,-0.2566079740101934
9792,9.792,0.1904447560137466
9793,9.793000000000001,-0.1146455824770847
9794,9.794,-0.19894394417566919
9795,9.795,0.05839968105322285
9796,9.796,-0.3472623139361831
9797,9.797,-0.29375995590478
9798,9.798,-0.027457420225897478
9799,9.799,-0.25932333935217317
9800,9.8,0.30076829766175733
9801,9.801,-0.08616518079684418
9802,9.802,-0.12852987601160584
9803,9.803,-0.3552243180126659
9804,9.804,-0.1014078518410177
9805,9.805,-0.48426536488612176
9806,9.806000000000001,-0.32653140786764506
9807,9.807,-0.7099333918631627
9808,9.808,-0.14697980621663365
9809,9.809000000000001,-0.39529153797913846
9810,9.81,0.08879709822643844
9811,9.811,0.1884951240616336
9812,9.812,-0.32312191080032826
9813,9.813,-0.5541330888494786
9814,9.814,-0.8805782141904936
9815,9.815,-0.3469250200275804
9816,9.816,-0.5762884580105123
9817,9.817,-0.49836215338733403
9818,9.818,-0.16055465828035975
9819,9.819,-0.9458027585073188
9820,9.82,-0.9939683565789315
9821,9.821,-0.8049752460795961
9822,9.822000000000001,-0.5041819672995254
9823,9.823,-0.5996599078481893
9824,9.824,-1.0494487982196943
9825,9.825000000000001,-0.5674075302758572
9826,9.826,-1.1673451646419628
9827,9.827,-1.0698595034954623
9828,9.828,-0.8636519142382724
9829,9.829,-1.004421421110095
9830,9.83,-0.5796920386195569
9831,9.831,-0.7678589238614474
9832,9.832,-0.33007901949395846
9833,9.833,-0.9387211128966639
9834,9.834,-0.904881725439716
9835,9.835,-0.507596827280337
9836,9.836,-0.8993140910006224
9837,9.837,-0.4240021879433212
9838,9.838000000000001,-0.7089679954296196
9839,9.839,-1.5749220783348856
9840,9.84,-0.5125548872520743
9841,9.841000000000001,-0.5876341836693786
9842,9.842,-0.5705839960519368
9843,9.843,-1.4227359175693746
9844,9.844,-1.040749482185115
9845,9.845,-1.0098524211421291
9846,9.846,-1.0759735891455589
9847,9.847,-0.29049599719825414
9848,9.848,-0.8051118637563129
9849,9.849,-0.8001675708246153
9850,9.85,-0.6103613291087057
9851,9.851,-0.5911241069943096
9852,9.852,-1.7475605569034574
9853,9.853,-0.9254480510513116
9854,9.854000000000001,-1.1391391843441467
9855,9.855,-0.5783313964277879
9856,9.856,-0.7676163681776792
9857,9.857,-0.6583094536767751
9858,9.858,-1.2679579222089052
9859,9.859,-0.7183811952825747
9860,9.86,-0.27150566668298964
9861,9.861,-0.16347343565872907
9862,9.862,-0.3506058143648472
9863,9.863,-0.9466026113194486
9864,9.864,-0.14763064591397385
9865,9.865,-0.2875766192907979
9866,9.866,-0.5191454898205202
9867,9.867,-1.070643286703061
9868,9.868,-0.15617559231027828
9869,9.869,-0.5990487362501107
9870,9.870000000000001,-0.29676086059100476
9871,9.871,-0.35941397663041286
9872,9.872,0.10211362724793183
9873,9.873,-0.37667894012550135
9874,9.874,-0.32349666698262225
9875,9.875,0.17446159207232104
9876,9.876,-0.47705204842102084
9877,9.877,-0.016086235352168465
9878,9.878,-0.30113248935039305
9879,9.879,-0.5238716946618335
9880,9.88,-0.2047465071865951
9881,9.881,0.01998098322252198
9882,9.882,0.23567298382418156
9883,9.883000000000001,0.28856362434920213
9884,9.884,-0.2261929681500213
9885,9.885,-0.41838949756461835
9886,9.886000000000001,-0.202834261686406
9887,9.887,-0.4472294722721261
9888,9.888,-0.14411429812888998
9889,9.889,-0.16810534931196713
9890,9.89,0.16534837296522353
9891,9.891,-0.7025621223827976
9892,9.892,-0.24933907284254422
9893,9.893,-0.2359797918868495
9894,9.894,0.3481555101067066
9895,9.895,-0.3323814245473207
9896,9.896,0.07894212016884092
9897,9.897,-0.018894756154988063
9898,9.898,0.34049032098411236
9899,9.899000000000001,0.2138066316073471
9900,9.9,0.07836778135743015
9901,9.901,-0.11799585855893456
9902,9.902000000000001,-0.5014017612897659
9903,9.903,0.1338273356084011
9904,9.904,0.22377094496239425
9905,9.905,-0.4033732033621372
9906,9.906,-0.29699735588543447
9907,9.907,0.15241540347836025
9908,9.908,0.18166794232766792
9909,9.909,-0.2144336911996746
9910,9.91,-0.08697464567746972
9911,9.911,-0.463544731419927
9912,9.912,0.5024352313570399
9913,9.913,-0.2991307147846968
9914,9.914,0.2548310114281326
9915,9.915000000000001,0.08275735607579568
9916,9.916,0.48101156430693315
9917,9.917,-0.14283461809422254
9918,9.918000000000001,0.1137702698169562
9919,9.919,-0.4137118241415928
9920,9.92,-0.48542719278828605
9921,9.921,0.2752617929017882
9922,9.922,-0.43897601389199176
9923,9.923,0.02819797166501481
9924,9.924,0.40016647885654666
9925,9.925,0.3209019399150721
9926,9.926,-0.10233638934977572
9927,9.927,-0.37932552139177295
9928,9.928,0.2503217742426621
9929,9.929,0.5004773708632887
9930,9.93,-0.10044854921414412
9931,9.931000000000001,-0.1422375647385022
9932,9.932,-0.05805569836779087
9933,9.933,0.2716944925502186
9934,9.934000000000001,0.46971464607207347
9935,9.935,-0.2696137142558796
9936,9.936,-0.3459359135565579
9937,9.937,0.8070078834895702
9938,9.938,0.053460158010766694
9939,9.939,0.1843669594372433
9940,9.94,-0.09703852814895872
9941,9.941,0.25977476105541975
9942,9.942,0.40325660689928045
9943,9.943,0.20783854858657635
9944,9.944,0.6430286764202415
9945,9.945,0.025829780024058155
9946,9.946,0.048279864232119676
9947,9.947000000000001,0.20006579878259673
9948,9.948,0.2738369435396104
9949,9.949,0.20663907024364692
9950,9.950000000000001,-0.24296543964140319
9951,9.951,0.240410664902408
9952,9.952,0.03888842839159978
9953,9.953,-0.01848700493303293
9954,9.954,0.17039082990445747
9955,9.955,-0.1228031437732687
9956,9.956,-0.16979657413623994
9957,9.957,-0.6085009978276091
9958,9.958,0.7057731323559304
9959,9.959,0.35391835126919646
9960,9.96,0.15789270827005802
9961,9.961,-0.0014050379488939613
9962,9.962,-0.6580998353393533
9963,9.963000000000001,-0.00780209266096335
9964,9.964,0.43165287336452873
9965,9.965,0.5057622704879547
9966,9.966000000000001,0.4220862081604906
9967,9.967,0.283267607433643
9968,9.968,0.6333177912066922
9969,9.969,0.15004557813919156
9970,9.97,0.5806520963894065
9971,9.971,0.14623894072421367
9972,9.972,0.0038115221565584445
9973,9.973,-0.02700499259655703
9974,9.974,-0.03807716792565685
9975,9.975,0.4855564063390562
9976,9.976,0.07157186502280025
9977,9.977,-0.00896394345801399
9978,9.978,0.5215988496621933
9979,9.979000000000001,0.41238257637102893
9980,9.98,0.6092574742178986
9981,9.981,0.4807194830242369
9982,9.982000000000001,0.107433762522607
9983,9.983,0.3625903883799399
9984,9.984,0.3836542004783941
9985,9.985,0.07668137178997275
9986,9.986,0.027314391239649627
9987,9.987,0.1607151790991344
9988,9.988,0.982092005953664
9989,9.989,0.2534349215095393
9990,9.99,0.7532139475581534
9991,9.991,0.24880644291206963
9992,9.992,0.6620621657861938
9993,9.993,0.6721197668962637
9994,9.994,0.6930678367356337
9995,9.995000000000001,0.5295150278429644
9996,9.996,0.832211929494116
9997,9.997,0.5383037044804964
9998,9.998,0.9446140039244648
9999,9.999,-0.04969956071516646
